keyword,url,title,path
tallahassee police retirement fund actuarial valuation,http://www.dms.myflorida.com/content/download/109156/613628/2014IGAnnualReportFinal.pdf,Annual Report 2013-14,
tallahassee general retirement fund actuarial valuation,http://www.dms.myflorida.com/content/download/109156/613628/2014IGAnnualReportFinal.pdf,Annual Report 2013-14,
alabama employees retirement system actuarial valuation,http://www.rsa-al.gov/uploads/files/ERS_GASB_68_Report_9302016.pdf,gasb statement no. 68 report for the employees' retirement system of ...,
alabama employees retirement system actuarial valuation,http://www.rsa-al.gov/uploads/files/RSA_2014_Actuarial_Valuation.pdf,"Retirement Systems of Alabama September 30, 2014 Actuarial ...",
alabama teachers retirement system actuarial valuation,http://www.rsa-al.gov/uploads/files/RSA_2014_Actuarial_Valuation.pdf,"Retirement Systems of Alabama September 30, 2014 Actuarial ...",
south st paul policemens relief association actuarial valuation,http://journals.sagepub.com/doi/pdf/10.1177/1468794115622529,conducting ethnographic research on covert police investigation in ...,
tampa city employees pension fund actuarial valuation,https://templeterrace.com/Archive.aspx?ADID=2322,2015-2016 Annual Budget,
west virginia public employees retirement system actuarial valuation,http://www.peia.wv.gov/Forms-Downloads/Documents/financial_reports/opeb/OPEB_Report_6-30-11.pdf,State of West Virginia Public Employees Insurance Agency,
alabama employees retirement system actuarial valuation,http://www.rsa-al.gov/uploads/files/2015_RSA_CAFR.pdf,2015 CAFR,
alabama teachers retirement system actuarial valuation,http://www.rsa-al.gov/uploads/files/2015_RSA_CAFR.pdf,2015 CAFR,
alabama employees retirement system actuarial valuation,http://www.rsa-al.gov/uploads/files/2016_CAFR.pdf,2016 CAFR,
alabama teachers retirement system actuarial valuation,http://www.rsa-al.gov/uploads/files/2016_CAFR.pdf,2016 CAFR,
tallahassee police retirement fund actuarial valuation,https://www.myboca.us/DocumentCenter/Home/View/744,INFORMATION FOR DIVORCING MEMBERS AND SPOUSES OF ...,full/6e7159daa6c89ef10c1a08fce5199e45c1cc6c0e
tallahassee general retirement fund actuarial valuation,https://www.myboca.us/DocumentCenter/Home/View/744,INFORMATION FOR DIVORCING MEMBERS AND SPOUSES OF ...,full/6e7159daa6c89ef10c1a08fce5199e45c1cc6c0e
south st paul policemens relief association actuarial valuation,https://www.jstor.org/stable/790918,Railroad Retirement Pension Act of 1934,
alabama teachers retirement system actuarial valuation,http://www.rsa-al.gov/uploads/files/2012_CAFR.pdf,The Retirement Systems of Alabama,
costa mesa city retirement plan actuarial valuation,http://www.calstrs.com/sites/main/files/file-attachments/6-30-14_financial_statement_final.pdf,California State Teachers' Retirement System,
tampa city employees pension fund actuarial valuation,https://www.tampagov.net/sites/default/files/public%3A/additionalfiles/20170524-minutes.pdf,"May 24, 2017 Minutes",full/98ea414c51ead0331ed33a27ba475a1b17e6f2b4.pdf
west tennessee healthcare pension plan actuarial valuation,http://www.rsa-al.gov/uploads/files/JCAPP_Pew_Report.Final.01.13.16.pdf,Pew Report,
alabama employees retirement system actuarial valuation,https://www.mercatus.org/system/files/Dove-Alabama-v3.pdf,Alabama at the Crossroads: An Economic Guide to a Fiscally ...,full/daf9f237a828b13e54e16e99a712bf19a269b0e3.pdf
alabama teachers retirement system actuarial valuation,https://www.mercatus.org/system/files/Dove-Alabama-v3.pdf,Alabama at the Crossroads: An Economic Guide to a Fiscally ...,full/daf9f237a828b13e54e16e99a712bf19a269b0e3.pdf
davie general retirement fund actuarial valuation,https://www.davie-fl.gov/Archive.aspx?ADID=249,Comprehensive Annual Financial Report FY 2016 (PDF),
davie general retirement fund actuarial valuation,http://ec.europa.eu/transport/modes/air/single_european_sky/doc/2014_03_25_final-report-cost-of_capital-and-pensions-v2-25march2014.pdf,"Study on Cost of Capital, Return on Equity and Pension Costs of Air ...",
tallahassee police retirement fund actuarial valuation,http://crr.bc.edu/wp-content/uploads/2008/12/slp_8-508.pdf,the funding status of locally administered pension plans,full/50c53af98d972518924303fe11dbf5339c8ca28b.pdf
phenix city police and firemens pension system actuarial valuation,http://crr.bc.edu/wp-content/uploads/2008/12/slp_8-508.pdf,the funding status of locally administered pension plans,full/50c53af98d972518924303fe11dbf5339c8ca28b.pdf
tallahassee general retirement fund actuarial valuation,http://crr.bc.edu/wp-content/uploads/2008/12/slp_8-508.pdf,the funding status of locally administered pension plans,full/50c53af98d972518924303fe11dbf5339c8ca28b.pdf
massachusetts bay transportation authority police association pension plan actuarial valuation,http://www.mbta.com/uploadedfiles/Documents/MBTA_Retirement_Fund/2014-07-01%20MBTA%20Retirement%20Fund%20Pension%20Agreement.pdf,Appendix A PENSION AGREEMENT MASSACHUSETTS BAY ...,
costa mesa city retirement plan actuarial valuation,https://www.csmfo.org/wp-content/uploads/2017/03/Pension-Funding-Recommendation-Staff-Report.pdf,Pension Funding Recommendation Staff Report,full/5943af46537af2b530c9aa8821afe809a0fdeccf.pdf
cook county employee annuity benefit fund forest preserve district actuarial valuation,https://www.civicfed.org/file/4859/download?token=Ym7GVhD7,PENSION FUND ACTUARIALLY REQUIRED CONTRIBUTIONS (ARC),full/cc44e55b5e6b6e4792e6c97178cbb5b32f15896e
phenix city police and firemens pension system actuarial valuation,http://www.azauditor.gov/sites/default/files/15-111_Report_0.pdf,PSRS Performance Audit Report,full/a2055c4606dd90973bb40ef80b977eb819d6815f.pdf
massachusetts bay transportation authority police association pension plan actuarial valuation,http://www.mbta.com/uploadedfiles/Documents/Police_Retirement_Plan/2002%20Police%20Association%20Retirement%20Plan.pdf,Police Association Retirement Plan,
city employees retirement system actuarial valuation,https://www.mass.gov/files/documents/2017/10/27/walthamval17.pdf,CITY OF WALTHAM CONTRIBUTORY RETIREMENT SYSTEM ...,full/449b98ad8411f7c17d4efada9d8763fb6d6fae6c.pdf
tallahassee police retirement fund actuarial valuation,http://www.cityoforlando.net/pension/wp-content/uploads/sites/14/2014/08/Police-Summary-Description-2-6-09.pdf,Summary of Pension Benefits,full/f0742b6db436181a8e2d1c8a8c9a043d3c36e820.pdf
tallahassee general retirement fund actuarial valuation,http://www.cityoforlando.net/pension/wp-content/uploads/sites/14/2014/08/Police-Summary-Description-2-6-09.pdf,Summary of Pension Benefits,full/f0742b6db436181a8e2d1c8a8c9a043d3c36e820.pdf
city employees retirement system actuarial valuation,http://www.roseville-mi.gov/Departments/retirement/Summary%20Annual%20Report%202016.pdf,City of Roseville Employees' Retirement System,full/f1f9779d9aeb9704aeeca159c32ec7e3a6c06b30.pdf
phenix city police and firemens pension system actuarial valuation,http://www.pewtrusts.org/~/media/legacy/uploadedfiles/pcs_assets/2013/pewcitypensionsreportpdf.pdf,A Widening Gap in Cities,full/3d72664060145d8c26eec525847c22a716657cea.pdf
davie general retirement fund actuarial valuation,https://www.stamfordct.gov/controllers-office/files/2012-classified-employees%E2%80%99-retirement-fund,2012 Classified Employees' Retirement Fund,
phenix city police and firemens pension system actuarial valuation,https://www.hoover.org/sites/default/files/15101_-_rauh_-_why_city_pension_problems_have_not_improved_and_a_roadmap_forward.pdf,"Why City Pension Problems Have Not Improved, and a Roadmap ...",full/910c0d72aa7be6bf1acd5113b19168cbeec8059e.pdf
massachusetts bay transportation authority police association pension plan actuarial valuation,https://andoverma.gov/Archive.aspx?ADID=265,"TOWN OF ANDOVER, MASSACHUSETTS",
tampa city employees pension fund actuarial valuation,http://www.surs.com/pdfs/minutes/x_inv/12_2013/Ex%2018-%207f%20SEGAL%20Finalist%20Presentation%20to%20the%20State%20Universities%20Retirement%20System%20of%20Illinois%20(2).pdf,Presentation for Actuarial Consulting Services,full/8b9ea0237154d4178d8efd87152955168956f3cc.pdf
tampa city employees pension fund actuarial valuation,http://crr.bc.edu/wp-content/uploads/2017/12/slp58.pdf,the funded status of local pensions inches closer to states,full/5539f050b446e08c1cb04effa795bdd29c2ca008.pdf
davie general retirement fund actuarial valuation,"http://www.airbus.com/content/dam/corporate-topics/human-ressources/Pensions%20news%202014%20-%20Schedules%201,2+3%20FINAL.pdf",PENSION NEWS,full/a7fafed459298d65b8a56211028941e491f76293.pdf
massachusetts bay transportation authority police association pension plan actuarial valuation,https://www.boston.gov/sites/default/files/fy15-volume1-summary-budget.pdf,Summary Budget,full/bf02ed537ed43882748179ef9eeae97b331098cc.pdf
costa mesa city retirement plan actuarial valuation,http://www.elsegundo.org/civicax/filebank/blobdload.aspx?BlobID=18463,01 Sample ARS Client Review Presentation,full/12b259adaf791a3e8cb424560addf80c528202b8.aspx?BlobID=18463
city employees retirement system actuarial valuation,https://www1.nyc.gov/assets/actuary/downloads/pdf/OPEB_Report_FY2016.pdf,Report on the Actuarial Valuation,full/0d86cf2fdddddde23653bb04526f4a5ff304f883.pdf
la salle firefighters pension fund actuarial valuation,http://www.chipabf.org/ChicagoPolicePension/PDF/Advisor/PensionAdvisor(Current).pdf,PENSION ADVISOR,full/fd67528db737e09c910100319f6d9ed62cc61847.pdf
tampa city employees pension fund actuarial valuation,https://www.hoover.org/sites/default/files/research/docs/ataleofsixcities.pdf,A Tale of Six Cities,full/9ca6e54a05058cd78d94de591b33a3200148938a.pdf
massachusetts bay transportation authority police association pension plan actuarial valuation,https://www.hoover.org/sites/default/files/research/docs/ataleofsixcities.pdf,A Tale of Six Cities,full/9ca6e54a05058cd78d94de591b33a3200148938a.pdf
city employees retirement system actuarial valuation,https://www.sdcers.org/Forms-Publications/Actuarial-Valuations/Current-Year/2016/2016-City-Valuation-FAQ.aspx,FAQs for 2016 City of San Diego Actuarial Valuation,full/f0631d942a06c37029bcbf39b231d32f830a2093.aspx
phenix city police and firemens pension system actuarial valuation,http://www.pewtrusts.org/~/media/legacy/uploadedfiles/wwwpewtrustsorg/reports/philadelphia-area_grantmaking/pewbenefitsjune2909pdf.pdf,Philadelphia Confronts the Cost of Employee Benefits,full/1985fee910b2fe0b275ec666395bf702833c9a7a.pdf
la salle firefighters pension fund actuarial valuation,http://www.fppaco.org/PDF/ER/2016%20FPPA%20PRC%20Report.pdf,Fire & Police Pension Association of Colorado,
tampa city employees pension fund actuarial valuation,https://www.hoover.org/sites/default/files/research/docs/rauh_debtdeficits_36pp_final_digital_v2revised4-11.pdf,"Hidden Debt, Hidden Deficits",full/1fa6672d5ddb64b3b386056ee343354f41645886.pdf
cook county employee annuity benefit fund forest preserve district actuarial valuation,https://www.cookcountypension.com/assets/1/6/061217_BoardMinutes.pdf,meeting of the special retirement board of the county employees ...,full/c59efb56f0df0d278df5970e4459bcf6cfa98aa7.pdf
cook county employee annuity benefit fund forest preserve district actuarial valuation,https://jenner.com/system/assets/assets/6852/original/2012_20IL_20Pension_20Handbook_20-_20FINAL.pdf,Illinois Pension Outline,full/2893cd7f41e093cb77260a9a941100f02e829a7b.pdf
tampa city employees pension fund actuarial valuation,https://www.manhattan-institute.org/sites/default/files/R-DDSE-0316.pdf,The OPEB Off-Ramp: How to Phase Out State and Local ...,full/23869f5b1758f7b6b97acfb489a575e9f3e3c107.pdf
west tennessee healthcare pension plan actuarial valuation,http://www.ncsl.org/documents/fiscal/2000_pension_summary.pdf,PENSIONS AND RETIREMENT PLAN ENACTMENTS IN 2000 ...,full/040af171762f11c4c6e1d9ae65bc412382aa29bf.pdf
denver board of water commisioners retirement plan trust fund actuarial valuation,http://www.ncsl.org/documents/employ/PensionReportJuly19-2010.pdf,PENSIONS AND RETIREMENT PLAN ENACTMENTS IN 2010 ...,full/0753be013918e63b171abc9ffb07b025cd89f263.pdf
city employees retirement system actuarial valuation,https://www.providenceri.gov/wp-content/uploads/2017/05/The-Employee-Retirement-System-of-the-City-of-Providence-July-1-2015-Actuarial-Valuation.pdf,The Employee Retirement System of the City of Providence,full/c1c29179c92cd29970af30791980cedec790c997.pdf
massachusetts bay transportation authority police association pension plan actuarial valuation,https://www.calpers.ca.gov/docs/board-agendas/201509/risk/item-5a-01.pdf,"item-5a-01 - Item 5a, Attachment 1",full/27bd44610033e45abd7b647c4e9f583f6831df58.pdf
phenix city police and firemens pension system actuarial valuation,https://www.calpers.ca.gov/docs/board-agendas/201609/risk/item-5a-01.pdf,"Item-5a-01 - Finalist Selection for Audit, Attachment 1, Request for ...",full/1de94ab304b8a79c18c056a705d639cce7af6a54.pdf
west tennessee healthcare pension plan actuarial valuation,http://www.pewtrusts.org/~/media/assets/2017/09/opeb-liablitly-brief_v5.pdf,State Retiree Health Care Liabilities: An Update,full/2fdf77f98dbec00ca22f265b27f6f1284a34fadd.pdf
tallahassee police retirement fund actuarial valuation,http://www.floridaleagueofcities.com/docs/default-source/default-document-library/pensions-dms-qa.pdf?sfvrsn=0,DIVISION OF RETIREMENT INFORMATION RELEASE,full/a9866cd860a57c4802bdf1608f2755ac58e89b7c.pdf?sfvrsn=0
cook county employee annuity benefit fund forest preserve district actuarial valuation,http://fpdcc.com/downloads/2005-Budget.pdf,FY 2005 Budget,full/e5139021dd6ab1308238fa6a23f76bd7e2704850.pdf
costa mesa city retirement plan actuarial valuation,http://californiapolicycenter.org/wp-content/uploads/2015/02/20150217_California-City-Pension-Burdens.pdf,California City Pension Burdens,full/b45a9444d492b50aac2b7f1f9e047ac857a8fc11.pdf
tampa city employees pension fund actuarial valuation,https://www.tampagov.net/sites/default/files/final_-_2016-07-19_reg_minutes.pdf,Untitled,full/89da6be956aa6fd87861e7b63b8d55b60ee1b8b1.pdf
alabama teachers retirement system actuarial valuation,http://www.archives.alabama.gov/officials/rdas/RSA.pdf,Retirement Systems of Alabama Functional Analysis & Records ...,full/93cbac33038009d82cd5d2ce7538204f9ee19f95.pdf
alabama employees retirement system actuarial valuation,http://www.pewtrusts.org/~/media/assets/2015/07/pewstates_statepensiondebtbrief_final.pdf,The State Pensions Funding Gap: Challenges Persist,full/e94b21748976c596962197f05a36567dbaff6c10.pdf
west virginia public employees retirement system actuarial valuation,http://www.pewtrusts.org/~/media/assets/2015/07/pewstates_statepensiondebtbrief_final.pdf,The State Pensions Funding Gap: Challenges Persist,full/e94b21748976c596962197f05a36567dbaff6c10.pdf
alabama teachers retirement system actuarial valuation,http://www.pewtrusts.org/~/media/assets/2015/07/pewstates_statepensiondebtbrief_final.pdf,The State Pensions Funding Gap: Challenges Persist,full/e94b21748976c596962197f05a36567dbaff6c10.pdf
alabama employees retirement system actuarial valuation,https://www.alabamapolicy.org/wp-content/uploads/API-Research-DROP-Booklet-2010.pdf,The Alabama Deferred Retirement Option Program,full/e6afea3a57ee0f228e64983df55b5c8cc5556c4c.pdf
alabama teachers retirement system actuarial valuation,https://www.alabamapolicy.org/wp-content/uploads/API-Research-DROP-Booklet-2010.pdf,The Alabama Deferred Retirement Option Program,full/e6afea3a57ee0f228e64983df55b5c8cc5556c4c.pdf
davie general retirement fund actuarial valuation,http://company.airbus.com/dam/assets/airbusgroup/int/en/uk-pensions/12033tl-Pension-News---Final-Version/12033tl%20Pension%20News%20-%20Final%20Version.pdf,PENSION NEWS,full/f672eae3c50d44565f7a9ed5ec75356f940faafc.pdf
massachusetts bay transportation authority police association pension plan actuarial valuation,http://old.mbta.com/uploadedfiles/About_the_T/Financials/fy2015.pdf,BUdget,full/044f7f3e5f592ce476cb03d945044cf869b922da.pdf
cook county employee annuity benefit fund forest preserve district actuarial valuation,http://www.openpensions.org/wp-content/uploads/Gainer-Truth-In-Numbers.pdf,Truth in Numbers - The Cook County Pension Fund,full/fd9874230790a3169ac36d4ad6ab36c7152c6c3a.pdf
west virginia public employees retirement system actuarial valuation,https://www.bea.gov/papers/pdf/State-and-Local-Government-Defined-Benefit-Pension-Plans.pdf,State and Local Government Defined Benefit Pension Plans ...,full/b678093031122fb1cef271024e32b13ffc10668c.pdf
alabama employees retirement system actuarial valuation,http://www.pers.ms.gov/Content/2017_MRS_Reports/Meridian%20General.pdf,EMPLOYEES' RETIREMENT SYSTEM OF ALABAMA,full/b7354bf22c340e6367cd7a2fccf8bc9accef1f82.pdf
la salle firefighters pension fund actuarial valuation,http://www.persla.org/new_pdf/GASB%2068%20Reports/GASB%2068%20Report2013.pdf,employer pension report parochial employees' retirement system of ...,full/3a9f73df842fce9dd4a9559514427e9aa4e440de.pdf
palm beach lifeguards general retirement fund actuarial valuation,https://www.sandiego.gov/sites/default/files/legacy/fm/proposed/pdf/2014/vol1/v1executivesummary.pdf,Executive Summary,full/1e753757857802cea4e9b02c990832cc6381e96e.pdf
tallahassee police retirement fund actuarial valuation,http://collinsinstitute.fsu.edu/sites/default/files/Tough%20Choices%20Report%20Card%20Update%20SEP%202014.pdf,TOUGH CHOICES,full/553fdc623d704704f4df494d4943d34a23a7ad87.pdf
palm beach lifeguards general retirement fund actuarial valuation,http://collinsinstitute.fsu.edu/sites/default/files/Tough%20Choices%20Report%20Card%20Update%20SEP%202014.pdf,TOUGH CHOICES,full/553fdc623d704704f4df494d4943d34a23a7ad87.pdf
palm beach lifeguards general retirement fund actuarial valuation,https://townofpalmbeach.com/DocumentCenter/View/95,Town of Palm Beach,full/059215b0b66b7bdcb59670f8cb97ba9beade5b0a
tampa city employees pension fund actuarial valuation,http://www.myseminole.com/PensionCompliance.pdf,"May 8, 2017 VIA EMAIL Mr.Chris Hengstenberg, MPA City of ...",full/5eb44d1a8dd6290989e69befa4935e3a3ec51039.pdf
cook county employee annuity benefit fund forest preserve district actuarial valuation,http://www.surs.org/sites/default/files/pdfsx/SURS_Facts.pdf,ALL ABOUT SURS,full/d55c2633459e6b8d735121fd5a96b66d1a80c06d.pdf
la salle firefighters pension fund actuarial valuation,http://www.surs.org/sites/default/files/pdfsx/SURS_Facts.pdf,ALL ABOUT SURS,full/d55c2633459e6b8d735121fd5a96b66d1a80c06d.pdf
south st paul policemens relief association actuarial valuation,http://www.prb.state.tx.us/files/reports/2011primer.pdf,2011 Primer Final,full/579d07f6c8cb22a02ad6088dcf3a8fb78388e415.pdf
west tennessee healthcare pension plan actuarial valuation,http://www.pewtrusts.org/~/media/assets/2016/05/state-opeb-liabilities-brief--may-2016--v11.pdf,State Retiree Health Care Liabilities,full/8d4b40735041ec8a1c548636b212535cd5eb96e5.pdf
massachusetts bay transportation authority police association pension plan actuarial valuation,http://www.icpmnetwork.com/wp-content/uploads/2016/07/Andonov_Bauer_Cremers_Pension-Fund-Asset-Allocation.pdf,Pension Fund Asset Allocation and Liability Discount Rates,full/79886e4bdb0ff66e0096020a6c94dd6e645b0125.pdf
west virginia public employees retirement system actuarial valuation,http://us.milliman.com/uploadedFiles/insight/eb-published/nirs_decisions_decisions.pdf,"Decisions, Decisions:",full/b39d8aa2fddae20b20130e4b7c364eb958265b43.pdf
palm beach lifeguards general retirement fund actuarial valuation,http://collinsinstitute.fsu.edu/sites/default/files/LCI%20Booklet%20-%20Best%20Practices%20FINAL%20web%20report%208-5-13.pdf,Recognizing Best Practices in Florida's Municipal Pensions - August ...,full/d3e247d4807a476632ad47a3b7b93f3790b574ec.pdf
costa mesa city retirement plan actuarial valuation,http://www.lacers.org/aboutlacers/board/BoardDocs/2017/Board/2017-07-11/III-A%20-%20ACTUARIAL%20PROGRAM%20-%20ECONOMIC%20ASSUMPTIONS.pdf,economic assumptions review and possible board action,full/163ead021d13a4fbe3ce9073f5cc2ff92761959c.pdf
davie general retirement fund actuarial valuation,https://www.daviessky.org/wp-content/uploads/2017/12/Daviess-FC-2017-Audit-Report-Final-12-20-17.pdf,REPORT OF THE AUDIT OF THE DAVIESS COUNTY FISCAL COURT,full/496bd302fae2ddfb6b744e5410ad7968d2c7f0a3.pdf
davie general retirement fund actuarial valuation,https://www.mydelraybeach.com/Delray%20Beach%20General%20Employees%2010-1-2015%20Valuation%20Report.pdf,city of delray beach general employees' retirement plan,full/ad19f52d33ebf175f41add728885c06f4f2a9c25.pdf
alabama teachers retirement system actuarial valuation,https://www.alabamapolicy.org/wp-content/uploads/API-Research-Retirement-System-2012.pdf,Rethinking the Defined Benefit in Alabama's Retirement System,full/705efb1409ceb8cfee916bb066c7afb68927e444.pdf
tallahassee general retirement fund actuarial valuation,https://www.capecoral.net/document_center/Finance/10_01_16%20General%20Actuarial%20Valuation%20Report.pdf,City of Cape Coral Municipal General Employees' Retirement Plan,full/6f7b67cf66b24fed4d6ff509468b042d7cde6e72.pdf
alabama employees retirement system actuarial valuation,http://business.troy.edu/JohnsonCenter/Data/Sites/1/media/pension-reform-in-alabama_official-release-version.pdf,Pension Reform in Alabama: A Case for Economic Accounting,full/d678eed0d057f3fa309d7e7430c6ff6e305bc46a.pdf
alabama teachers retirement system actuarial valuation,http://business.troy.edu/JohnsonCenter/Data/Sites/1/media/pension-reform-in-alabama_official-release-version.pdf,Pension Reform in Alabama: A Case for Economic Accounting,full/d678eed0d057f3fa309d7e7430c6ff6e305bc46a.pdf
denver board of water commisioners retirement plan trust fund actuarial valuation,https://www.copera.org/sites/default/files/documents/5-20-03.pdf,Colorado Public Employees' Retirement Association ...,full/413c758f0ff973cd5c226b41eb82d54abf9b6bd6.pdf
west virginia public employees retirement system actuarial valuation,http://www.tmrs.com/down/GASB/GRS_Bios_Info.pdf,"Mark R. Randall, EA, FCA, MAAA",full/30c9a14203869014d3fea37406b0a42432e0400f.pdf
south st paul policemens relief association actuarial valuation,http://www.tmrs.com/down/GASB/GRS_Bios_Info.pdf,"Mark R. Randall, EA, FCA, MAAA",full/30c9a14203869014d3fea37406b0a42432e0400f.pdf
la salle firefighters pension fund actuarial valuation,https://www.cmers.com/CMERS/Annual-Reports/AnnualReportDecember312016.pdf,"Annual Report - December 31, 2016",full/3dcb3d0395be97b5d2b2b0aa3abd855d44ffb99c.pdf
massachusetts bay transportation authority police association pension plan actuarial valuation,http://mbtarf.com/wp-content/uploads/2016/05/Web2_CAFR_2016.pdf,2016 Comprehensive Annual Financial Report,full/25effbdb550d29e8b75aae36605df7d8ef58ad32.pdf
costa mesa city retirement plan actuarial valuation,http://www.lacers.org/aboutlacers/reports/Actuarial%20Valuations/GASB/gasb%2068%20based%20on%20June%2030%202014.pdf,"Actuarial Valuation Based on June 30, 2014 Measurement Date for ...",full/de1faf6bf5b7d9622e833b57b7d457307f4029cf.pdf
city employees retirement system actuarial valuation,http://www.lacers.org/aboutlacers/reports/Actuarial%20Valuations/GASB/gasb%2068%20based%20on%20June%2030%202014.pdf,Los Angeles City Employees' Retirement System,full/de1faf6bf5b7d9622e833b57b7d457307f4029cf.pdf
west virginia public employees retirement system actuarial valuation,https://peia.wv.gov/financial_reports/Documents/WVRHBT_GASB45_2015_Final_08192016%20FINAL%208.22.16.pdf,ABC RETIREMENT SYSTEMS,full/cb3bbd1759883dc9dbe2cfa09d6f9a174ee15e8c.pdf
la salle firefighters pension fund actuarial valuation,http://www.nj.gov/treasury/doinvest/pdf/AnnualReport/2013-NJPensionFund.pdf,STATE OF NEW JERSEY DIVISION OF PENSIONS AND BENEFITS ...,full/710beb539f12d409f3cca248d7e4af65a0f458a2.pdf
tampa city employees pension fund actuarial valuation,http://collinsinstitute.fsu.edu/sites/default/files/Tough%20Choices%20Report%20Card%20Nov%202011.pdf,REPORT CARD: FLORIDA MUNICIPAL PENSION PLANS,full/f49605ed99ee53c3f3e03e2b1893328d4667135b.pdf
tallahassee police retirement fund actuarial valuation,http://collinsinstitute.fsu.edu/sites/default/files/Tough%20Choices%20Report%20Card%20Nov%202011.pdf,REPORT CARD: FLORIDA MUNICIPAL PENSION PLANS,full/f49605ed99ee53c3f3e03e2b1893328d4667135b.pdf
tallahassee general retirement fund actuarial valuation,http://collinsinstitute.fsu.edu/sites/default/files/Tough%20Choices%20Report%20Card%20Nov%202011.pdf,REPORT CARD: FLORIDA MUNICIPAL PENSION PLANS,full/f49605ed99ee53c3f3e03e2b1893328d4667135b.pdf
davie general retirement fund actuarial valuation,http://collinsinstitute.fsu.edu/sites/default/files/Tough%20Choices%20Report%20Card%20Nov%202011.pdf,REPORT CARD: FLORIDA MUNICIPAL PENSION PLANS,full/f49605ed99ee53c3f3e03e2b1893328d4667135b.pdf
west virginia public employees retirement system actuarial valuation,https://docs.legis.wisconsin.gov/misc/lc/comparative_retirement_study/2015_retirement.pdf,2015 Comparative Study of Major Public Employee Retirement ...,full/99b2107d4633421dc6f43ff9411e2f1204d2465c.pdf
phenix city police and firemens pension system actuarial valuation,http://kinder.rice.edu/uploadedFiles/Kinder_Institute_for_Urban_Research/Programs/Urban_Governance/PENSION_REPORT_FINAL_SINGLEPAGE.pdf,The Houston Pension Question:,full/33b40dd253418dbc94917e88fae86682b8b3c98c.pdf
tallahassee police retirement fund actuarial valuation,https://www.talgov.com/uploads/public/documents/retirement/pdf/act_valuation_rpt.pdf,CITY OF TALLAHASSEE PENSION PLANS ACTUARIAL ...,full/baeee0641a73cf4947ddac032779597532cb1864.pdf
tallahassee general retirement fund actuarial valuation,https://www.talgov.com/uploads/public/documents/retirement/pdf/act_valuation_rpt.pdf,CITY OF TALLAHASSEE PENSION PLANS ACTUARIAL ...,full/baeee0641a73cf4947ddac032779597532cb1864.pdf
alabama employees retirement system actuarial valuation,http://sanjose.granicus.com/MetaViewer.php?view_id=&event_id=2680&meta_id=627683,City of San José Federated City Employees' Retirement System,full/a1e3a4d6b2a95b1ba8c831a4b95a0d5ebd50bc7b.php?view_id=&event_id=2680&meta_id=627683
city employees retirement system actuarial valuation,http://sanjose.granicus.com/MetaViewer.php?view_id=&event_id=2680&meta_id=627683,City of San José Federated City Employees' Retirement System,full/a1e3a4d6b2a95b1ba8c831a4b95a0d5ebd50bc7b.php?view_id=&event_id=2680&meta_id=627683
la salle firefighters pension fund actuarial valuation,http://www.chipabf.org/ChicagoPolicePension/PDF/Financials/CAFER/CAFR_2011_Final.pdf,Policemen's Annuity and Benefit Fund of Chicago,full/b607d577d5b060530aab971fa050c237d1ff4258.pdf
city employees retirement system actuarial valuation,https://ers.ehawaii.gov/wp-content/uploads/2014/01/2016-Actuarial-Valuation.pdf,Employees' Retirement System of the State of Hawaii,full/7a8e388382a59eb48e543fb4087e2a47db5dee0a.pdf
phenix city police and firemens pension system actuarial valuation,http://www.globeaz.gov/files/pdf/budget-stuff/PSPRS-Yardstick-Report-081915-FINAL.pdf,The Yardstick: A Tool to Evaluate Proposed Reforms of Arizona's ...,full/c83f1b5a050858cc1af12ae218717abb5a38d42a.pdf
costa mesa city retirement plan actuarial valuation,http://www.globeaz.gov/files/pdf/budget-stuff/PSPRS-Yardstick-Report-081915-FINAL.pdf,The Yardstick: A Tool to Evaluate Proposed Reforms of Arizona's ...,full/c83f1b5a050858cc1af12ae218717abb5a38d42a.pdf
denver board of water commisioners retirement plan trust fund actuarial valuation,https://leg.colorado.gov/sites/default/files/2003fmmwithnoappforexempt_0.pdf,State of Colorado Financial Management Manual A Guide for,full/76752339ba850759a7c0810112985f9cada5b687.pdf
massachusetts bay transportation authority police association pension plan actuarial valuation,https://www.city.waltham.ma.us/sites/walthamma/files/u143/waltham_2015_cafr_final.pdf,"City of Waltham, Massachusetts",full/2dbd821f5a503b0870761267b405307eeeb29265.pdf
west tennessee healthcare pension plan actuarial valuation,https://www.manhattan-institute.org/pdf/cr_61.pdf,Underfunded Teacher Pension Plans,full/6f9d208d0a98a2a0059c8fb87f5cfcfa399a9c0a.pdf
west tennessee healthcare pension plan actuarial valuation,https://www.nctq.org/dmsView/Doing_the_Math,Doing the Math on Teacher Pensions,full/a590b20c7bcc7ae1860a697f55cb162f93269dda
city employees retirement system actuarial valuation,https://www.seattle.gov/Documents/Departments/Retirement/Publications/actuarial/ValuationReport2015.pdf,Seattle City Employees' Retirement System Actuarial Valuation,full/a5e5104280401905ec6b165032c7dc4257f64295.pdf
la salle firefighters pension fund actuarial valuation,https://www.staffspf.org.uk/Finance-and-Investments/Annual-Reports-and-Accounts/Pension-Fund-Annual-Report-Accounts-2015-16.pdf,Pension Fund Annual Report Accounts 2015-16,full/833d19b95e4a0b6cce76b7c5c661fda5cc04fd71.pdf
la salle firefighters pension fund actuarial valuation,https://www.nctreasurer.com/inside-the-department/Reports/NCDST_AnnualReport-FY2013-2014.pdf,Annual Report,full/fee34fd16f8c350bbf74f86eafef6d3b4f9f8641.pdf
west tennessee healthcare pension plan actuarial valuation,http://www.treasury.tn.gov/treasurersreports/2015/2015-Treasurers-Report.pdf,Tennessee Treasurer's Report,full/16704e1a567f186e4ca767b9ffed03ad7f1e67ee.pdf
costa mesa city retirement plan actuarial valuation,https://www.lacers.org/aboutlacers/reports/Actuarial%20Valuations/2015%20Actuarial%20Valuation%20&%20Review.pdf,Los Angeles City Employees' Retirement System,full/8f4692217bfdde118284b2263ce6698dc7a73199.pdf
denver board of water commisioners retirement plan trust fund actuarial valuation,https://www.derp.org/repository/files/pubs/CAFR2015.pdf,Denver Employees Retirement Plan,full/ded7906b2e35d7282bc6317b7ae52433a1b3ccb7.pdf
costa mesa city retirement plan actuarial valuation,http://www.newportbeachca.gov/home/showdocument?id=54605,Read your actuarial Valuation,full/d29d76de11d06af66a89824bddecce9a70af026a
denver board of water commisioners retirement plan trust fund actuarial valuation,http://www.orsc.org/Assets/EventFiles/341.pdf,The Hackett Group RFP Response,full/01729023cb66a8b1fd2d3bd1ef2be35d39084a01.pdf
costa mesa city retirement plan actuarial valuation,https://www.lacers.org/aboutlacers/reports/Actuarial%20Valuations/2016%20Actuarial%20Valuation%20&%20Review.pdf,Los Angeles City Employees' Retirement System,full/f1f60cb4c9c8a78ac6fa91ec2625e5372745f52b.pdf
city employees retirement system actuarial valuation,https://www.lacers.org/aboutlacers/reports/Actuarial%20Valuations/2016%20Actuarial%20Valuation%20&%20Review.pdf,Los Angeles City Employees' Retirement System,full/f1f60cb4c9c8a78ac6fa91ec2625e5372745f52b.pdf
phenix city police and firemens pension system actuarial valuation,https://www.phoenix.gov/coperssite/Documents/FY%202016%20CAFR%20Final.pdf,City of Phoenix Employees' Retirement Plan,full/e29c7f263db8c55cca6554b433bea4a97b782f94.pdf
palm beach lifeguards general retirement fund actuarial valuation,https://www.jacksonvillebeach.org/sites/default/files/documents/FinancialReports/2016/2016_combined_budget-secure.pdf,City of Jacksonville Beach Annual Budget,full/cab1866eb6482b916650eed63d1427eb8de04a22.pdf
bastrop firemens pension and relief fund actuarial valuation,http://www.prb.state.tx.us/txpen/wp-content/uploads/2017/02/2017-Primer-Final.pdf,Guide to Public Retirement Systems in Texas (Primer),full/1fd6f1f0887100fb6650a9458b185397d167a067.pdf
cook county employee annuity benefit fund forest preserve district actuarial valuation,https://www.cookcountypension.com/assets/1/6/2012_FP_CAFR_FINAL.pdf,Forest Preserve District Employees' Annuity and Benefit Fund of ...,full/391f7a8b8b77a317e2ad31a768082f724db37731.pdf
phenix city police and firemens pension system actuarial valuation,http://dallascityhall.com/government/Council%20Meeting%20Documents/b_dallas-police-and-fire-pension-and-related-pay-referendum-issues_combined_120716.pdf,The Dallas Police and Fire Pension System (DPFS),full/fab21f2d516ea528e119453a0666d032d155f150.pdf
palm beach lifeguards general retirement fund actuarial valuation,https://www.deerfield-beach.com/DocumentCenter/View/586,2006,full/d9c1525fe402c023bbe74fb2f45a44936e255b05
palm beach lifeguards general retirement fund actuarial valuation,https://flauditor.gov/pages/mun_efile%20rpts/2016%20dania%20beach.pdf,"City of Dania Beach, Florida",full/b50b4ce309cbf96cf9c35853c0941d7c911db614.pdf
cook county employee annuity benefit fund forest preserve district actuarial valuation,http://cgfa.ilga.gov/Upload/Small%20Systems%202013%20FINAL.pdf,"Financial Condition of Chicago, Cook County & IL Municipal ...",full/26da2d30afac8004b1991b3877560610e4b2c8f2.pdf
cook county employee annuity benefit fund forest preserve district actuarial valuation,http://cgfa.ilga.gov/upload/fy2009_smallsystemsreport.pdf,Municipal Employees' Annuity and Benefit Fund of Chicago,full/8ce568c9ba8c1d05d2271cab93a96378cad9a5b6.pdf
denver board of water commisioners retirement plan trust fund actuarial valuation,https://www.littletongov.org/home/showdocument?id=6046,2016 Final Budget,full/0f8dd3c7daba9e6f7041f0a8c166bb257af968ad
denver board of water commisioners retirement plan trust fund actuarial valuation,http://www.tabpi.org/2016/ssb.pdf,THE INTERNATIONAL NEWSPAPER OF MONEY MANAGEMENT,full/091e733c925e571394e6222ac8759991141096ea.pdf
denver board of water commisioners retirement plan trust fund actuarial valuation,https://www.accesskent.com/Departments/FiscalServices/pdfs/2017/2017_FO_AccessKent.pdf,"2017 FINANCIAL OVERVIEW Kent County, Michigan",full/7fcbb441e59aba9afdef9ea7a7481c624d0c9efe.pdf
denver board of water commisioners retirement plan trust fund actuarial valuation,https://www.littletongov.org/home/showdocument?id=771,City of Littleton 2013 Budget,full/f1cf4fc85520ae6defd5328cc080d8828221a12e
west virginia public employees retirement system actuarial valuation,https://www.wvretirement.com/Forms/20042005%20Annual%20Report%20COMPLETE.pdf,annual report covera.indd,full/38bc9dca46f491c5a7f47aced6954cdc3077476b.pdf
tallahassee police retirement fund actuarial valuation,https://flauditor.gov/pages/pdf_files/2017-073.pdf,Florida Retirement System Pension Plan And Other State ...,full/c973eeb99657721cb7339d55bc4e0e2862e0b531.pdf
tallahassee general retirement fund actuarial valuation,https://flauditor.gov/pages/pdf_files/2017-073.pdf,Florida Retirement System Pension Plan And Other State ...,full/c973eeb99657721cb7339d55bc4e0e2862e0b531.pdf
torrington board of education employees retirement fund actuarial valuation,https://www.hoover.org/sites/default/files/research/docs/rauh_debtdeficits_36pp_final_digital_v2revised4-11.pdf,"Hidden Debt, Hidden Deficits",full/1fa6672d5ddb64b3b386056ee343354f41645886.pdf
washington dc judges retirement fund actuarial valuation,https://www.nctreasurer.com/inside-the-department/Reports/NCDST_AnnualReport-FY2013-2014.pdf,Annual Report,full/fee34fd16f8c350bbf74f86eafef6d3b4f9f8641.pdf
washington dc judges retirement fund actuarial valuation,http://www.ncsl.org/documents/fiscal/2000_pension_summary.pdf,PENSIONS AND RETIREMENT PLAN ENACTMENTS IN 2000 ...,full/040af171762f11c4c6e1d9ae65bc412382aa29bf.pdf
torrington board of education employees retirement fund actuarial valuation,http://www.nswbar.asn.au/docs/webdocs/ar05.pdf,Annual Report 2004-05,
washington dc judges retirement fund actuarial valuation,https://www.gao.gov/pdfs/GAO-02-763,Judicial Survivors' Annuities System Costs,
tallahassee police retirement fund actuarial valuation,http://www.flcretirement.com/files/CAFR_2015.pdf,FLORIDA MUNICIPAL PENSION TRUST FUND Comprehensive ...,full/6edbc7e1b10e1950ae774d641d7513d4124a6617.pdf
tallahassee general retirement fund actuarial valuation,http://www.flcretirement.com/files/CAFR_2015.pdf,FLORIDA MUNICIPAL PENSION TRUST FUND Comprehensive ...,full/6edbc7e1b10e1950ae774d641d7513d4124a6617.pdf
davie general retirement fund actuarial valuation,http://www.flcretirement.com/files/CAFR_2015.pdf,FLORIDA MUNICIPAL PENSION TRUST FUND Comprehensive ...,full/6edbc7e1b10e1950ae774d641d7513d4124a6617.pdf
washington dc judges retirement fund actuarial valuation,https://www.gao.gov/assets/290/281055.pdf,Judicial Survivors' Annuities System Costs,full/a403f738480e19ef5e7e42313c65e4d6b7feaba4.pdf
torrington board of education employees retirement fund actuarial valuation,http://www.trincoll.edu/AboutTrinity/offices/accounting/Documents/Trinity%20College%206-30-2014%20Audited%20Financial%20Stmts-%20FINAL.pdf,"Trinity College Consolidated Financial Statements June 30, 2014 ...",full/69a85940b9fb34bd4726037ea7f771f8116d9a4f.pdf
torrington board of education employees retirement fund actuarial valuation,http://www.ct.gov/trb/lib/trb/formsandpubs/CTRB_GASB_68_2016.pdf,GASB STATEMENT NO. 68 REPORT FOR THE CONNECTICUT ...,full/e8699846d5697a28a1aee2e60e1d1891359e0131.pdf
washington dc judges retirement fund actuarial valuation,https://www.opm.gov/about-us/budget-performance/other-reports/2015-civil-service-retirement-and-disability-fund-annual-report.pdf,Civil Service Retirement Fund's 2015 annual report,full/050912aa4192cd9e202134c5f3ef36b2863ef156.pdf
torrington board of education employees retirement fund actuarial valuation,http://www.osc.ct.gov/rbsd/reports/4-19-17GASB68Supplement063016FINAL.pdf,gasb statement no. 68 report for the connecticut municipal ...,full/9ba22d18c3e0ef50202da021942be24b92a0d305.pdf
torrington board of education employees retirement fund actuarial valuation,http://www.ct.gov/trb/lib/trb/formsandpubs/CTRB_GASB_68_2014.pdf,GASB STATEMENT NO. 68 REPORT FOR THE CONNECTICUT ...,full/2e7ba1e16d36b44a65e61df378e20e0fcdb05979.pdf
torrington board of education employees retirement fund actuarial valuation,https://www.tristate.coop/sites/ts/files/PDF/Annual%20reports/TriStateGT-2015AnnualReport.pdf,2015 Annual Report,full/de3f453bbcc0f1e5188ec83681e7523061c2252e.pdf
denver board of water commisioners retirement plan trust fund actuarial valuation,http://www.doa.la.gov/osrap/library/Publications/FINAL%20CAFR%20-%2012-22-15%20with%20covers.pdf,State of Louisiana Comprehensive Annual Financial Report,full/a9c789740b28dabbe5a860b1a99f2757a738bfdb.pdf
washington dc judges retirement fund actuarial valuation,https://www.oversight.gov/sites/default/files/oig-reports/OIG-16-024.pdf,FY14 Annual Report ODCP (OIG-16-024),full/83a17a35cff09b5f164df41b5d26284d6fc39e52.pdf
davie general retirement fund actuarial valuation,http://www.ppines.com/Archive/ViewFile/Item/48,CITY OF PEMBROKE PINES — FLORIDA,full/7403e8f454b4a9e4242db1ccfd06997bb1fac469
washington dc judges retirement fund actuarial valuation,http://leg.mt.gov/content/Publications/Committees/interim/2015-2016/Guide-pub-emp-retirement-Dec2016%20-%20Final%20(1).pdf,A Legislator's Guide to Montana's Public Employee Retirement System,full/cf600761c429f6009783ef20d8084a3e425ead2b.pdf
south st paul policemens relief association actuarial valuation,http://www.pbpa.org/Portals/0/Magazine/Spring%202014.pdf,THE POLICEMEN'S MagazINE,full/5e15cc662ec394cddf00dc44a961dc0840b25abf.pdf
torrington board of education employees retirement fund actuarial valuation,http://www.osc.ct.gov/rbsd/cmers/plandoc/GASB68Supplement063015FINAL.pdf,gasb statement no. 68 report for the connecticut municipal ...,full/739342937794a62a58d19eb55b2e29e788db865d.pdf
fort smith fire pension and relief plan actuarial valuation,http://www.tmrs.com/down/GASB/GRS_Bios_Info.pdf,"Mark R. Randall, EA, FCA, MAAA",full/30c9a14203869014d3fea37406b0a42432e0400f.pdf
fort smith fire pension and relief plan actuarial valuation,http://www.prb.state.tx.us/files/reports/2011primer.pdf,2011 Primer Final,full/579d07f6c8cb22a02ad6088dcf3a8fb78388e415.pdf
torrington board of education employees retirement fund actuarial valuation,http://www.osc.ct.gov/rbsd/cmers/plandoc/StateofCTMERS063014CohnReznickFinalCopyNov2015.pdf,State of Connecticut Municipal Employees Retirement System ...,full/1a7e93c112ac9c76c2eddeacf0ba76625005ad0d.pdf
fort smith fire pension and relief plan actuarial valuation,https://www.sco.ca.gov/Files-ARD/BudLeg/Changing_Patterns_of_Retirement_The_Deferred_Retirement.pdf,Changing Patterns of Retirement - The Deferred Retirement Option ...,full/489d0e42a76f1f433e29dc0396a46cc3019471a5.pdf
fort smith fire pension and relief plan actuarial valuation,http://www.pfrsdetroit.org/Portals/PFRS2/Police%20%20Fire%20Annual%20Report%20-%202016-2017%20v4.pdf,POLICE AND FIRE RETIREMENT SYSTEM OF THE CITY OF ...,full/50bc93d37b1162c277c8d04de299a9261254351e.pdf
fort smith fire pension and relief plan actuarial valuation,http://www.fppaco.org/PDF/annual-reports/15.annual.report.pdf,FIRE & POLICE PENSION ASSOCIATION of COLORADO ...,
centennial fire relief association actuarial valuation,https://www.toronto.ca/legdocs/2005/agendas/council/cc050719/cofa.pdf,"toronto city council decision document meeting on july 19, 20, 21 ...",full/1dcebaecea2cb173812ac44e685770ac77e310e7.pdf
centennial fire relief association actuarial valuation,http://www.salvationarmy.ca/wp-content/uploads/2014/08/TheSalvationArmy_Financial_Statements_2013-14_web.pdf,The Governing Council of The Salvation Army in Canada,full/bfa9139fc63d43e54cf6a849048f3c345cd03bfe.pdf
fort smith fire pension and relief plan actuarial valuation,http://www.legis.state.la.us/legisdocs/billindex/13rsbillindex.pdf,Subject Index to Bills,full/dcdafc094f60d621ad29dd5c3d9b8c6035349267.pdf
centennial fire relief association actuarial valuation,https://reuther.wayne.edu/files/UP000379_1.pdf,Jerome P. Cavanagh Papers,full/af7382251e9eb3e896f35e98ea387269c193e5fe.pdf
fort smith fire pension and relief plan actuarial valuation,http://dallascityhall.com/government/Council%20Meeting%20Documents/c_employees-retirement-fund-proposed-changes-to-chapter-40a_combined_051816.pdf,Employees' Retirement Fund Proposed Changes to Chapter 40A,full/76766cf04056ade9fa8a84601ded5969836264e5.pdf
fort smith fire pension and relief plan actuarial valuation,http://www.prb.state.tx.us/files/reports/2013%2002%2008%20web%20-%20final.pdf,GUIDE TO PUBLIC RETIREMENT SYSTEMS IN TEXAS,full/d6e225d6e7e45d103e12c49d40bfc16cff52cd7b.pdf
la salle firefighters pension fund actuarial valuation,http://www.pers.ms.gov/Content/CAFR/CAFR2014.pdf,GOOD NEIGHBORS GREAT STATE,full/01691b1e214e7be0953b9f99cab7b0e07ee5f6f4.pdf
centennial fire relief association actuarial valuation,https://www.birminghamal.gov/wp-content/uploads/2017/08/CAFR-FINAL-2016.pdf,cafr final 2016,full/89ab1327a2447d0281794b040de7dd3fa39ec718.pdf
centennial fire relief association actuarial valuation,https://www.cityofpensacola.com/Archive/ViewFile/Item/718,"Statement of Revenues, Expenditures, and Changes in Fund Balances",full/d1bac43ee95ce95c8422573d82b3b2591b774735
centennial fire relief association actuarial valuation,https://leg.colorado.gov/sites/default/files/images/olls/crs2017-title-15.pdf,Colorado Revised Statutes 2017 TITLE 15,full/4f4083f11d42345cf3118c71f4530acac45b01ba.pdf
fort smith fire pension and relief plan actuarial valuation,http://dallascityhall.com/government/Council%20Meeting%20Documents/2015/PensionFundAudit_101514.pdf,Overview of the Dallas Police and Fire Pension Plan,full/c03b2ee3e4cef359feb35fd0b515961070253d7e.pdf
centennial fire relief association actuarial valuation,https://www.edmonton.ca/city_government/documents/city_of_edmonton_annual_report04.pdf,"CITY OF EDMONTON, ALBERTA, CANADA",full/48c33ec03d27e05495dd6bdd4c8e1d639169fcef.pdf
washington dc judges retirement fund actuarial valuation,https://www.in.gov/inprs/files/2016INPRSCAFRBook.pdf,COMPREHENSIVE ANNUAL FINANCIAL REPORT,full/14deaa9a3ed795afbbbb3530d951021b14a5249f.pdf
centennial fire relief association actuarial valuation,http://www.malayan.com/uploads/annual-report/pdf/MICO-Group-Annual-Report-2013.pdf,"2013 (PDF, 8 MB)",full/d2f1348f703d440bd8919b66b4580640a2ca2f36.pdf
palm beach lifeguards general retirement fund actuarial valuation,http://pompanobeachfl.gov/assets/docs/pages/budget/ADOPTED%20FY%202017%20OPERATING%20BUDGET%20BOOK_PUBLICATION.pdf,Broward County Sheriff's Office - Contracted,full/bb1cd46598b90b2cfca47ae082b43bf9e9e687dc.pdf
belle police pension fund actuarial valuation,https://www.wvretirement.com/Forms/20042005%20Annual%20Report%20COMPLETE.pdf,annual report covera.indd,full/38bc9dca46f491c5a7f47aced6954cdc3077476b.pdf
belle police pension fund actuarial valuation,http://collinsinstitute.fsu.edu/sites/default/files/Tough%20Choices%20Report%20Card%20Update%20SEP%202014.pdf,TOUGH CHOICES,full/553fdc623d704704f4df494d4943d34a23a7ad87.pdf
belle police pension fund actuarial valuation,http://californiapolicycenter.org/wp-content/uploads/2015/02/20150217_California-City-Pension-Burdens.pdf,California City Pension Burdens,full/b45a9444d492b50aac2b7f1f9e047ac857a8fc11.pdf
oklahoma public employees retirement system actuarial valuation,https://www.bea.gov/papers/pdf/State-and-Local-Government-Defined-Benefit-Pension-Plans.pdf,State and Local Government Defined Benefit Pension Plans ...,full/b678093031122fb1cef271024e32b13ffc10668c.pdf
oklahoma public employees retirement system actuarial valuation,http://www.tmrs.com/down/GASB/GRS_Bios_Info.pdf,"Mark R. Randall, EA, FCA, MAAA",full/30c9a14203869014d3fea37406b0a42432e0400f.pdf
belle police pension fund actuarial valuation,http://www.varetire.org/Pdf/Publications/2016-annual-report.pdf,Virginia Retirement System Comprehensive Annual Financial ...,
belle police pension fund actuarial valuation,https://www.lawsonlundell.com/media/news/460_Essential_Tasks_of_Pension_and_Benefit_Plan_Trustees.pdf,Essential Tasks of Pension and Benefit Plan Trustees.pdf,
oklahoma public employees retirement system actuarial valuation,http://repository.jmls.edu/cgi/viewcontent.cgi?article=1124&context=lawreview,"Funding Public Pension Plans, 42 J. Marshall L. Rev. 837 (2009)",
oklahoma public employees retirement system actuarial valuation,http://www.opers.ok.gov/Websites/opers/Images/Rules/prch15.pdf,OAC 590: OKLAHOMA PUBLIC EMPLOYEES RETIREMENT ...,full/ec3f049e9bccfbe233ad5e914448fd239a07df2d.pdf
belle police pension fund actuarial valuation,https://www.bls.gov/mlr/1984/04/art3full.pdf,Surviving spouse's benefits in private pension plans,full/0659bfee72e6f36fccccdb3d658317bd21f883a9.pdf
oklahoma public employees retirement system actuarial valuation,http://www.opers.ok.gov/Websites/opers/images/pdfs/Report-GASB-2016.pdf,Oklahoma Public Employees Retirement Plan,full/18b177c46617fbe5b62258f5dfeea5fad5b490bf.pdf
havana fire retirement fund actuarial valuation,https://www.rmt.org.uk/news/publications/rmt-news-may-06/rmt-news-may-06.pdf,"65069 RMT News_05_06.ps [ 1 ] , page 1-32 @ Normalize",full/8c422c0a37559931c9315e33b67a013960175fba.pdf
belle police pension fund actuarial valuation,https://www.cityofws.org/portals/0/pdf/finance/2012%20WSPORS%20Annual%20Financial%20Report.pdf,Winston-Salem Police Officers' Retirement System,full/93e185b45c900f5ac02452270d087045d869a3a0.pdf
oklahoma public employees retirement system actuarial valuation,http://www.ncsl.org/documents/employ/2012-PENSION-LEGISLATION-FINAL-JULY-15.pdf,PENSIONS AND RETIREMENT PLAN ENACTMENTS IN 2012 ...,full/63e55510b2a3a0dc9c53353f04f3a55bee634e27.pdf
oklahoma public employees retirement system actuarial valuation,https://okpension.ok.gov/reports/actuarial/2016_actuarial_summary.pdf,Oklahoma State Pension Commission,full/54a830aecd31987f96ac8d5a9635eb569830ea28.pdf
centennial fire relief association actuarial valuation,http://mnpera.avenet.net/vertical/sites/%7BCB6D4845-437C-4F52-969E-51305385F40B%7D/uploads/%7BAAB44BB2-92AE-475F-B80A-D64A0D2F2E81%7D.PDF,Comprehensive Annual Financial Report,full/1b18b3e2045fd1dd1057d1f23e3c3b72aa511553.PDF
havana fire retirement fund actuarial valuation,https://www.osc.state.ny.us/retire/word_and_pdf_documents/publications/cafr/cafr_17.pdf,2017 Comprehensive Annual Financial Report,full/560a90fe0a679fb4b768614059450a316e52dba4.pdf
oklahoma public employees retirement system actuarial valuation,https://www.okc.gov/home/showdocument?id=6324,Oklahoma City Employee Retirement System,full/8fc4762b8b967c7324d8ad0e080b453f98e5678e
havana fire retirement fund actuarial valuation,http://www.clerk-of-the-court.com/other/CAFR_Report_2016.pdf,"Monroe County, Florida Comprehensive Annual Financial Report",full/c8b2df60dd0472fac51bc84f910c806f2bd79292.pdf
oklahoma public employees retirement system actuarial valuation,https://www.ok.gov/conservation/documents/05hndbk.pdf,Oklahoma Public Employees Retirement System Handbook,full/66d268fe76be4448e669b860a2e38c47a676b6f9.pdf
belle police pension fund actuarial valuation,https://kyret.ky.gov/Publications/Books/2015%20SAFR%20(Summary%20Annual%20Financial%20Report).pdf,2015 SAFR (Summary Annual Financial Report),full/d29739ce64fe69d47222d8f47a2f079754d187a9.pdf
washington dc judges retirement fund actuarial valuation,https://www.in.gov/inprs/files/2015INPRSCAFRBook.pdf,2015 COMPREHENSIVE ANNUAL FINANCIAL REPORT,full/6cb828cf474c22568af02c3b614b213340dde071.pdf
west virginia public employees retirement system actuarial valuation,https://www.wvretirement.com/Forms/2015WVCPRB-CAFR.pdf,Comprehensive Annual Financial Report,full/4db1c1f7e32eb055358827ae1f581765ee8e785c.pdf
tallahassee general retirement fund actuarial valuation,http://www.oppaga.state.fl.us/MonitorDocs/Reports/pdf/1046rpt.pdf,Florida Retirement System Pension Plan Valuation Met Standards,full/3ac38f91807fb90211820de96b2cd9337283f8ab.pdf
fort smith fire pension and relief plan actuarial valuation,https://app.lla.state.la.us/PublicReports.nsf/89D17801A5B079E1862581760071853B/$FILE/000158AA.pdf,Terrebonne Parish Consolidated Government,full/24ff85363aa6baadd63753480139dff4dcb4ef9a.pdf
oklahoma public employees retirement system actuarial valuation,https://okpension.ok.gov/reports/actuarial/2017_actuarial_summary.pdf,Oklahoma State Pension Commission,full/021c72dbb727e16a0fc1311198df293ab419c8c3.pdf
cook county employee annuity benefit fund forest preserve district actuarial valuation,http://insurance.illinois.gov/reports/Pension/pension_biennial_report_2017.pdf,2017 Biennial Report (2015 – 2016),full/152db5ccb7092e2e3b52643cad0d281f8c2c7e63.pdf
west virginia public employees retirement system actuarial valuation,https://www.ifebp.org/inforequest/ifebp/0167561.pdf,Public Employee Retirement Plan Changes:,full/dd77ba5d8b42b329cf38f8d805e383b5b9410a26.pdf
wauchula general and police retirement fund actuarial valuation,http://www.flcretirement.com/files/CAFR_2015.pdf,FLORIDA MUNICIPAL PENSION TRUST FUND Comprehensive ...,full/6edbc7e1b10e1950ae774d641d7513d4124a6617.pdf
wauchula general and police retirement fund actuarial valuation,https://templeterrace.com/Archive.aspx?ADID=2322,2015-2016 Annual Budget,
clewiston general retirement fund actuarial valuation,http://pompanobeachfl.gov/assets/docs/pages/budget/ADOPTED%20FY%202017%20OPERATING%20BUDGET%20BOOK_PUBLICATION.pdf,Broward County Sheriff's Office - Contracted,full/bb1cd46598b90b2cfca47ae082b43bf9e9e687dc.pdf
clewiston general retirement fund actuarial valuation,https://www.deerfield-beach.com/DocumentCenter/View/586,2006,full/d9c1525fe402c023bbe74fb2f45a44936e255b05
labelle fire retirement fund actuarial valuation,http://www.flcretirement.com/files/CAFR_2015.pdf,FLORIDA MUNICIPAL PENSION TRUST FUND Comprehensive ...,full/6edbc7e1b10e1950ae774d641d7513d4124a6617.pdf
wauchula general and police retirement fund actuarial valuation,https://www.tampagov.net/sites/default/files/public%3A/additionalfiles/20170524.pdf,Agenda Tampa Fire & Police Pension Board 3001 North Boulevard ...,full/d35defc8931f1788b422802b400621f981fe86ff.pdf
labelle fire retirement fund actuarial valuation,https://dms.psc.sc.gov/Attachments/Matter/e4f1e18c-2fe1-49dc-bce3-67a6f17a0dba,"Guastella Associates, LLC",
clewiston general retirement fund actuarial valuation,https://oaklandparkfl.gov/DocumentCenter/View/1926,City of Oakland Park Retirement System for Police and Firefighters,full/9c0194a30b48b41ad9b9af612ba3a51876798608
clewiston general retirement fund actuarial valuation,https://www.myboca.us/DocumentCenter/Home/View/3671,CITY OF BOCA RATON POLICE & FIREFIGHTERS' RETIREMENT ...,full/7540e5deeee4f823996234c83f8fa2360f07714d
labelle fire retirement fund actuarial valuation,http://m.clerk.macombgov.org/sites/default/files/content/government/clerk/directories/2004_Macomb_County_Directory.pdf,2004 Macomb County (Michigan) Directory,full/ea8b7325817fc73b9e6cbe350d5ea8146967acaa.pdf
wauchula general and police retirement fund actuarial valuation,http://www.cityofbartow.net/Modules/ShowDocument.aspx?documentid=6630,Untitled,full/76a8ac9d4573e4399f96b9806b45cd84d7f11e4c.aspx?documentid=6630
labelle fire retirement fund actuarial valuation,http://m.clerk.macombgov.org/sites/default/files/content/government/clerk/directories/2003_Macomb_County_Directory.pdf,2003 Macomb County (Michigan) Directory,full/37aad98e2d158187f96d126a60465e38da57285d.pdf
wauchula general and police retirement fund actuarial valuation,"http://keybiscayne.fl.gov/clientuploads/Administration%20&%20Finance/Budgets,%20CIPs%20&%20CAFRs/2015%20COMPREHENSIVE%20ANNUAL%20FINANCIAL%20REPORT.pdf",Comprehensive Annual Financial Report,full/f659c6f69e6161fb891595bcf5f2aa4e57aa24cc.pdf
belle police pension fund actuarial valuation,https://kyret.ky.gov/Publications/Books/2016%20SAFR%20(Summary%20Annual%20Financial%20Report).pdf,2016 SAFR (Summary Annual Financial Report),full/dd3775cb45cea5bc5213e794d3cba458728d0512.pdf
clewiston general retirement fund actuarial valuation,http://www.ci.punta-gorda.fl.us/home/showdocument?id=3530,"February 9, 2017 VIA EMAIL Ms. Toni Lozen Lead Plan ...",full/8f291c8f5fdc6408551fb8762ad58c51cf6eddc3
centennial fire relief association actuarial valuation,https://www.smgov.net/uploadedFiles/Departments/Finance/Annual_Budgets/2013-2015_Budget/2013-2015_Adopted_Budget/FY2013-15_Adopted_Budget.pdf,FY 2013-15 Adopted Biennial Budget,full/25a6f7b1bd22393744c4d664b8d12a9868682642.pdf
clewiston general retirement fund actuarial valuation,http://cityofperry.net/uploads/112.664_Compliance_-_2015_-_Perry_Fire.pdf,"August 4, 2016 VIA EMAIL Ms. Penny Staffney, Finance Director City ...",full/10b050852e43cd581a708dcd2fd9d67ca97a824d.pdf
labelle fire retirement fund actuarial valuation,http://www.praxair.com/-/media/praxairar/documents/annual-reports/praxair2016annualreport.pdf?la=en,Praxair 2016 Annual Report,full/e3f01d50d59c56f0567fff62bf3ccdcb120b961b.pdf?la=en
belle police pension fund actuarial valuation,https://kyret.ky.gov/Publications/Books/2016%20CAFR%20(Comprehensive%20Annual%20Financial%20Report).pdf,2016 CAFR (Comprehensive Annual Financial Report),full/9d55b6504eba85febd7f5982e48b591585e01006.pdf
wauchula general and police retirement fund actuarial valuation,http://www.auburndalefl.com/wp-content/uploads/2017/04/audit.pdf,City Audit,full/ce67ede7424dbba44af71c7d59cb0994c4f1af1e.pdf
avon park fire retirement fund actuarial valuation,http://www.flcretirement.com/files/CAFR_2015.pdf,FLORIDA MUNICIPAL PENSION TRUST FUND Comprehensive ...,full/6edbc7e1b10e1950ae774d641d7513d4124a6617.pdf
avon park fire retirement fund actuarial valuation,http://collinsinstitute.fsu.edu/sites/default/files/Tough%20Choices%20Report%20Card%20Update%20SEP%202014.pdf,TOUGH CHOICES,full/553fdc623d704704f4df494d4943d34a23a7ad87.pdf
sebring firemens pension fund actuarial valuation,http://www.tmrs.com/down/GASB/GRS_Bios_Info.pdf,"Mark R. Randall, EA, FCA, MAAA",full/30c9a14203869014d3fea37406b0a42432e0400f.pdf
avon park fire retirement fund actuarial valuation,https://www.yourpension.org.uk/Admin/Public/DWSDownload.aspx?File=%2FFiles%2FFiles%2F0162+Pension+fund+report+2016+revised.pdf,Pension Fund Annual Report 2015-16,
avon park fire retirement fund actuarial valuation,http://www.prudential.co.uk/~/media/Files/P/Prudential-V2/reports/historical-reports/1986-1999/plc_1988.pdf,ANNUAL REPORT 1988 PRUDENTIAL CORPORATION PLC,full/59f2eebfa2008b6e979cddb5871275a57e9bc97b.pdf
avon park fire retirement fund actuarial valuation,http://www.wiltshirepensionfund.org.uk/annual-report-2014-2015.pdf,2015 Annual Report,full/136340c1edb7821583f3ea10140bc55bab0d574b.pdf
avon park fire retirement fund actuarial valuation,https://www.nfumutual.co.uk/globalassets/about-us/agm/solvency-and-financial-condition-2016.pdf,Solvency and Financial Condition Report 2016,full/66408a3b629733ee12875f081546d4c9c896522d.pdf
clewiston general retirement fund actuarial valuation,http://www.fortlauderdale.gov/home/showdocument?id=17843,Comprehensive AnnuAl FinAnCiAl report,full/d5303c9ce4652bb1ca26293733bf2cd0d364153e
avon park fire retirement fund actuarial valuation,http://www.boroughofavalon.org/images/2017_FINAL_Budget_Document_.pdf,2017 Budget,full/c31fad34c5e96154f459c39e8c54c523f7a3d480.pdf
sebring firemens pension fund actuarial valuation,http://www.orta.org/uploads/4/4/8/9/4489377/orta_news_bulletin_-_september_2016.pdf,2016 September ORTA News Bulletin,full/731d2c5680c6878f76400d030f2048fa10d354c2.pdf
wauchula general and police retirement fund actuarial valuation,http://www.hcbcc.net/departments/office_of_administrative_services/office_of_management_and_budget_(omb)/docs/Binder2.pdf,Highlands County Board of County Commissioners,full/d024d6614f3707197f12625f8f1e4aa6f93e13b6.pdf
clewiston general retirement fund actuarial valuation,http://www.hcbcc.net/departments/office_of_administrative_services/office_of_management_and_budget_(omb)/docs/Binder2.pdf,Highlands County Board of County Commissioners,full/d024d6614f3707197f12625f8f1e4aa6f93e13b6.pdf
avon park fire retirement fund actuarial valuation,http://www.hcbcc.net/departments/office_of_administrative_services/office_of_management_and_budget_(omb)/docs/Binder2.pdf,Highlands County Board of County Commissioners,full/d024d6614f3707197f12625f8f1e4aa6f93e13b6.pdf
avon park fire retirement fund actuarial valuation,https://ww5.cityofpasadena.net/finance/wp-content/uploads/sites/48/2017/12/Comprehensive-Annual-Financial-Report-2017.pdf,Comprehensive Annual Financial Report 2017,full/ed94b2340cf6f7c6afb1289cd1312cc44321ed8f.pdf
sebring police pension fund actuarial valuation,http://www.tmrs.com/down/GASB/GRS_Bios_Info.pdf,"Mark R. Randall, EA, FCA, MAAA",full/30c9a14203869014d3fea37406b0a42432e0400f.pdf
sebring police pension fund actuarial valuation,http://www.orta.org/uploads/4/4/8/9/4489377/orta_news_bulletin_-_september_2016.pdf,2016 September ORTA News Bulletin,full/731d2c5680c6878f76400d030f2048fa10d354c2.pdf
sebring police pension fund actuarial valuation,http://www.flcretirement.com/files/CAFR_2015.pdf,FLORIDA MUNICIPAL PENSION TRUST FUND Comprehensive ...,full/6edbc7e1b10e1950ae774d641d7513d4124a6617.pdf
plant city police and fire retirement fund actuarial valuation,http://collinsinstitute.fsu.edu/sites/default/files/Tough%20Choices%20Report%20Card%20Nov%202011.pdf,REPORT CARD: FLORIDA MUNICIPAL PENSION PLANS,full/f49605ed99ee53c3f3e03e2b1893328d4667135b.pdf
temple terrace fire pension fund actuarial valuation,https://templeterrace.com/Archive.aspx?ADID=2322,2015-2016 Annual Budget,
temple terrace fire pension fund actuarial valuation,http://collinsinstitute.fsu.edu/sites/default/files/Tough%20Choices%20Report%20Card%20Nov%202011.pdf,REPORT CARD: FLORIDA MUNICIPAL PENSION PLANS,full/f49605ed99ee53c3f3e03e2b1893328d4667135b.pdf
temple terrace fire pension fund actuarial valuation,https://www.tampagov.net/sites/default/files/public%3A/additionalfiles/20170524.pdf,Agenda Tampa Fire & Police Pension Board 3001 North Boulevard ...,full/d35defc8931f1788b422802b400621f981fe86ff.pdf
temple terrace fire pension fund actuarial valuation,http://collinsinstitute.fsu.edu/sites/default/files/Tough%20Choices%20Report%20Card%20Update%20SEP%202014.pdf,TOUGH CHOICES,full/553fdc623d704704f4df494d4943d34a23a7ad87.pdf
temple terrace fire pension fund actuarial valuation,http://www.auburndalefl.com/wp-content/uploads/2017/04/audit.pdf,City Audit,full/ce67ede7424dbba44af71c7d59cb0994c4f1af1e.pdf
temple terrace fire pension fund actuarial valuation,http://www.cityofbartow.net/Modules/ShowDocument.aspx?documentid=6630,Untitled,full/76a8ac9d4573e4399f96b9806b45cd84d7f11e4c.aspx?documentid=6630
temple terrace fire pension fund actuarial valuation,"http://keybiscayne.fl.gov/clientuploads/Administration%20&%20Finance/Budgets,%20CIPs%20&%20CAFRs/2015%20COMPREHENSIVE%20ANNUAL%20FINANCIAL%20REPORT.pdf",Comprehensive Annual Financial Report,full/f659c6f69e6161fb891595bcf5f2aa4e57aa24cc.pdf
plant city police and fire retirement fund actuarial valuation,http://www.midland-mi.org/302/2011-CAFR,"City of Midland, Michigan",
avon park fire retirement fund actuarial valuation,http://www.wiltshirepensionfund.org.uk/agm-full-presentation-210617.pdf,Wiltshire Pension Fund AGM Wednesday 21st June 2017,full/097726e739e970f2076ef7233f38ea83b3915d15.pdf
plant city police and fire retirement fund actuarial valuation,http://www.hialeahfl.gov/index.php?option=com_docman&view=download&alias=4511-annual-report-of-financial-information-and-operating-data-2014&category_slug=financial-information&Itemid=198&lang=en,Annual Reporting-City of Hialeah (00437410).DOCX,full/557ca39d5166dd65d3c695c314e4940dfa372e97.php?option=com_docman&view=download&alias=4511-annual-report-of-financial-information-and-operating-data-2014&category_slug=financial-information&Itemid=198&lang=en
west tennessee healthcare pension plan actuarial valuation,http://www.comptroller.tn.gov/repository/CA/2011/292-2011-West%20TN%20Healthcare-rpt-cpa99.pdf,Jackson-Madison County General Hospital District dba West TN ...,
west tennessee healthcare pension plan actuarial valuation,http://www.comptroller.tn.gov/repository/CA/2016/12221-2016-CN-JMCGHD-Pension%20Plan-rpt-cpa236-9-28-17.pdf,West Tennessee Healthcare Pension Plan,
west tennessee healthcare pension plan actuarial valuation,https://www.peba.sc.gov/assets/accountabilityreport.pdf,PEBA's Accountability Report,
plant city police and fire retirement fund actuarial valuation,http://www.cityofwestland.com/Home/ShowDocument?id=20,"City of Westland, Michigan",full/f5f2191b31428aee7bf13d99c41038de816192f5
plant city police and fire retirement fund actuarial valuation,http://www.detroitmi.gov/Portals/0/docs/EM/Reports/City%20of%20Detroit%20Proposal%20for%20Creditors1.pdf,PROPOSAL FOR CREDITORS,full/057f4a24a28e30a7345bf455e7a3f8327a13f5e1.pdf
plant city police and fire retirement fund actuarial valuation,http://cityofmacomb.com/pdf/FY2015-2016Budget.pdf,ANNUAL BUDGET FISCAL YEAR 2015-16,full/405d216b3f9c57abda7b9c4c13f241847c978e57.pdf
temple terrace fire pension fund actuarial valuation,https://www.villageofglencoe.org/FY%202018%20Budget%20Document%20reduced.pdf,ANNUAL BUDGET,full/a4bee5a9eca8ce1bb92c110a83ef25a89f931b7b.pdf
clewiston general retirement fund actuarial valuation,https://www.pbgfl.com/DocumentCenter/View/2754,Operating and Capital Improvements Budget Fiscal Year 2015/ 2016 ...,full/ce8d5d9c952320abb9c3ec8f3bb308997b4e4c66
plant city police and fire retirement fund actuarial valuation,http://dallascityhall.com/government/citymanager/Documents/FY16-17%20Memos/Council-Memos_101416.pdf,"October 14, 2016",full/22cc2742412709af0f0d2e8d051074e58f41aecf.pdf
temple terrace police retirement fund actuarial valuation,https://templeterrace.com/Archive.aspx?ADID=2322,2015-2016 Annual Budget,
temple terrace police retirement fund actuarial valuation,http://collinsinstitute.fsu.edu/sites/default/files/Tough%20Choices%20Report%20Card%20Nov%202011.pdf,REPORT CARD: FLORIDA MUNICIPAL PENSION PLANS,full/f49605ed99ee53c3f3e03e2b1893328d4667135b.pdf
temple terrace police retirement fund actuarial valuation,https://www.tampagov.net/sites/default/files/public%3A/additionalfiles/20170524.pdf,Agenda Tampa Fire & Police Pension Board 3001 North Boulevard ...,full/d35defc8931f1788b422802b400621f981fe86ff.pdf
temple terrace police retirement fund actuarial valuation,http://collinsinstitute.fsu.edu/sites/default/files/Tough%20Choices%20Report%20Card%20Update%20SEP%202014.pdf,TOUGH CHOICES,full/553fdc623d704704f4df494d4943d34a23a7ad87.pdf
temple terrace police retirement fund actuarial valuation,"http://keybiscayne.fl.gov/clientuploads/Administration%20&%20Finance/Budgets,%20CIPs%20&%20CAFRs/2015%20COMPREHENSIVE%20ANNUAL%20FINANCIAL%20REPORT.pdf",Comprehensive Annual Financial Report,full/f659c6f69e6161fb891595bcf5f2aa4e57aa24cc.pdf
temple terrace police retirement fund actuarial valuation,http://www.dms.myflorida.com/content/download/109156/613628/2014IGAnnualReportFinal.pdf,Annual Report 2013-14,
temple terrace police retirement fund actuarial valuation,http://www.cityofbartow.net/Modules/ShowDocument.aspx?documentid=6630,Untitled,full/76a8ac9d4573e4399f96b9806b45cd84d7f11e4c.aspx?documentid=6630
temple terrace police retirement fund actuarial valuation,https://www.villageofglencoe.org/FY%202018%20Budget%20Document%20reduced.pdf,ANNUAL BUDGET,full/a4bee5a9eca8ce1bb92c110a83ef25a89f931b7b.pdf
vero beach firemens retirement system actuarial valuation,http://www.dfs.ny.gov/insurance/exam_rpt/70114f08.pdf,Unity Mutual Life - Exam Report,full/06dede4a01430c55909851c5d25ae82aa0d40ea6.pdf
temple terrace police retirement fund actuarial valuation,http://www.cityoffrostproof.com/download/disclosure_statements/12-29-16-112.664-Compliance-2016-Frostproof-Police.pdf,city of frostproof police officers' retirement system section 112.664 ...,full/2ab5898a9ccbed902ca9c3e6284d82bfa5c15071.pdf
temple terrace fire pension fund actuarial valuation,http://harrisburgcitycontroller.com/wp-content/uploads/2010/01/2004_CAFR.pdf,City of Harrisburg,full/70dcf3201f974b6596a5c02584382b4e98de226c.pdf
vero beach police retirement system actuarial valuation,http://collinsinstitute.fsu.edu/sites/default/files/Tough%20Choices%20Report%20Card%20Update%20SEP%202014.pdf,TOUGH CHOICES,full/553fdc623d704704f4df494d4943d34a23a7ad87.pdf
vero beach police retirement system actuarial valuation,http://www.hcbcc.net/departments/office_of_administrative_services/office_of_management_and_budget_(omb)/docs/Binder2.pdf,Highlands County Board of County Commissioners,full/d024d6614f3707197f12625f8f1e4aa6f93e13b6.pdf
vero beach general retirement fund actuarial valuation,http://collinsinstitute.fsu.edu/sites/default/files/Tough%20Choices%20Report%20Card%20Update%20SEP%202014.pdf,TOUGH CHOICES,full/553fdc623d704704f4df494d4943d34a23a7ad87.pdf
vero beach general retirement fund actuarial valuation,http://www.dfs.ny.gov/insurance/exam_rpt/70114f08.pdf,Unity Mutual Life - Exam Report,full/06dede4a01430c55909851c5d25ae82aa0d40ea6.pdf
temple terrace police retirement fund actuarial valuation,http://relac.org/wp-content/uploads/2017/08/Sept-Oct-2017-Newsletter.pdf,Sept-Oct,full/baa51e68fe3e9defba3aa89b4713651781e2cb62.pdf
vero beach police retirement system actuarial valuation,http://www.irshores.com/FY-17-18-Adopted-Budget.pdf,FY 17-18 Adopted Budget,full/62a74d839b21ad6d47371193458f4ccdb3962a5b.pdf
vero beach general retirement fund actuarial valuation,http://www.irshores.com/FY-17-18-Adopted-Budget.pdf,FY 17-18 Adopted Budget,full/62a74d839b21ad6d47371193458f4ccdb3962a5b.pdf
vero beach general retirement fund actuarial valuation,http://www.irshores.com/FY-15-16-Adopted-Budget.pdf,FY 15-16 Adopted Budget,full/4281faf613cb4d14e0479a160e990ab917650afc.pdf
sebring firemens pension fund actuarial valuation,http://www.orta.org/uploads/4/4/8/9/4489377/orta_news_bulletin_-_november_2016.pdf,2016 November ORTA News Bulletin,full/6a7136d26276e478b533fa7cd5d5ca3315ade338.pdf
vero beach police retirement system actuarial valuation,http://www.melbourneflorida.org/home/showdocument?id=1238,"CITY OF MELBOURNE, FLORIDA",full/0c67ca9239f00eaa5c72a3c944467a38e598e6bc
vero beach police retirement system actuarial valuation,http://www.irshores.com/FY16-17-Approved-Budget.pdf,FY16-17 Approved Budget,full/3123b9b836b2c70cd22f99266cdadab81d39de7e.pdf
vero beach general retirement fund actuarial valuation,http://www.irshores.com/FY16-17-Approved-Budget.pdf,FY16-17 Approved Budget,full/3123b9b836b2c70cd22f99266cdadab81d39de7e.pdf
vero beach general retirement fund actuarial valuation,http://www.dfs.ny.gov/insurance/exam_rpt/69434c02.pdf,Fidelity & Guaranty Life Insurance Company,full/b33f95184318f67a71b185b9a1b6725c8dd39b35.pdf
plant city police and fire retirement fund actuarial valuation,https://www.sanjoseca.gov/DocumentCenter/View/23940,Comprehensive Annual Financial Report,full/e63111e523a8de9cf11ddd5386ca3b024993db1e
plant city police and fire retirement fund actuarial valuation,http://www.cityofdekalb.com/DocumentCenter/View/4509,FY2017 Budget,full/54d14dd7082676f2d8aa80f7b17a463f6619ac55
indian river shores general police fire retirement fund actuarial valuation,http://www.irshores.com/FY16-17-Approved-Budget.pdf,"TOWN OF INDIAN RIVER SHORES, FLORIDA ADOPTED ...",full/3123b9b836b2c70cd22f99266cdadab81d39de7e.pdf
indian river shores general police fire retirement fund actuarial valuation,http://www.tmrs.com/down/GASB/GRS_Bios_Info.pdf,"Mark R. Randall, EA, FCA, MAAA",full/30c9a14203869014d3fea37406b0a42432e0400f.pdf
indian river shores general police fire retirement fund actuarial valuation,http://www.irshores.com/FY-15-16-Adopted-Budget.pdf,FY 15-16 Adopted Budget,full/4281faf613cb4d14e0479a160e990ab917650afc.pdf
indian river shores general police fire retirement fund actuarial valuation,http://www.flcretirement.com/files/CAFR_2015.pdf,FLORIDA MUNICIPAL PENSION TRUST FUND Comprehensive ...,full/6edbc7e1b10e1950ae774d641d7513d4124a6617.pdf
indian river shores general police fire retirement fund actuarial valuation,http://www.irshores.com/FY-17-18-Adopted-Budget.pdf,FY 17-18 Adopted Budget,full/62a74d839b21ad6d47371193458f4ccdb3962a5b.pdf
indian river shores general police fire retirement fund actuarial valuation,http://collinsinstitute.fsu.edu/sites/default/files/Tough%20Choices%20Report%20Card%20Update%20SEP%202014.pdf,TOUGH CHOICES,full/553fdc623d704704f4df494d4943d34a23a7ad87.pdf
indian river shores general police fire retirement fund actuarial valuation,http://www.melbourneflorida.org/home/showdocument?id=1238,"CITY OF MELBOURNE, FLORIDA",full/0c67ca9239f00eaa5c72a3c944467a38e598e6bc
marianna firemens pension fund actuarial valuation,http://www.flcretirement.com/files/CAFR_2015.pdf,FLORIDA MUNICIPAL PENSION TRUST FUND Comprehensive ...,full/6edbc7e1b10e1950ae774d641d7513d4124a6617.pdf
indian river shores general police fire retirement fund actuarial valuation,http://www.salem.com/sites/salemma/files/uploads/2014cafr.pdf,"city of salem, massachusetts comprehensive annual financial report",
vero beach general retirement fund actuarial valuation,https://www.indianrivermedicalcenter.com/wp-content/uploads/2016/12/board-of-directors.pdf,"Indian River Memorial Hospital, Inc. d/b/a",full/c10b3b8c0712ae0a858d676cf6d17efe53daa364.pdf
marianna firemens pension fund actuarial valuation,https://louisvilleky.gov/file/fy09cafrpdf,2009 CAFR,
marianna firemens pension fund actuarial valuation,https://www.opers.org/pubs-archive/healthcare/HealthCareReport_2015.pdf,2015 Annual Health Care Report,full/7f51ae42600be5f00fd660f5b595a9e43ca79e5d.pdf
marianna firemens pension fund actuarial valuation,http://conference.csmfo.org/files/2015/02/Success-Stories-of-Cities-that-Turned-Crises-into-Opportunites-Marysheva-Martinez.pdf,Success-Stories-of-Cities-that-Turned-Crises-into-Opportunites ...,full/9443cb52ee33d866fc331e0ef705cf38f010afd8.pdf
indian river shores general police fire retirement fund actuarial valuation,http://www.irshores.com/FYE-9-30-16-Audited-Financial-Statement.pdf,"TOWN OF INDIAN RIVER SHORES, FLORIDA",full/9208e2ea46cd440b6d24a1d89ed26381bc5cd306.pdf
vero beach general retirement fund actuarial valuation,http://www.clerk.indian-river.org/Assets/images/pdf/cafr-2016.pdf,2016 CAFR,full/89b3d81c464cd81b4b7482b1dd4f87b21d8a0514.pdf
marianna firemens pension fund actuarial valuation,http://www.omers.com/pdf/OMERS_AnnualReport_2016.pdf,2016 Annual Report,full/12c35b3c1e37fbaff8ccb37e25139bce66b3b57b.pdf
indian river shores general police fire retirement fund actuarial valuation,https://www.sibfl.net/wp-content/uploads/2014/09/FY-14-15-BUDGET-BOOK-FINAL1.pdf,Adopted Budget 2014-2015,full/6dc1cec5a7ea5c57ee2613d041b1d654c2a32693.pdf
plant city police and fire retirement fund actuarial valuation,http://cityofjoliet.info/home/showdocument?id=2379,"city of joliet, illinois comprehensive annual financial report for the ...",full/451a3dfae7e555e5b5d345ef6aba0b8ec9057e46
marianna firemens pension fund actuarial valuation,https://www.trs.texas.gov/TRS%20Documents/board_meeting_book_feb2013.pdf,Board of Trustees Board Book - February 2013,full/9f1f294c05b16c624d07488196921f2e74eedc2b.pdf
marianna police pension fund actuarial valuation,http://www.flcretirement.com/files/CAFR_2015.pdf,FLORIDA MUNICIPAL PENSION TRUST FUND Comprehensive ...,full/6edbc7e1b10e1950ae774d641d7513d4124a6617.pdf
marianna police pension fund actuarial valuation,http://conference.csmfo.org/files/2015/02/Success-Stories-of-Cities-that-Turned-Crises-into-Opportunites-Marysheva-Martinez.pdf,Success-Stories-of-Cities-that-Turned-Crises-into-Opportunites ...,full/9443cb52ee33d866fc331e0ef705cf38f010afd8.pdf
marianna police pension fund actuarial valuation,http://docs.rwu.edu/cgi/viewcontent.cgi?article=1548&context=rwu_LR,A View of the Rhode Island Pension Landscape: The Potential ...,
marianna police pension fund actuarial valuation,https://www.dfa.arkansas.gov/images/uploads/accountingOffice/cafr2013.pdf,CAFR 2013,
marianna police pension fund actuarial valuation,http://www.auditor.on.ca/en/content/annualreports/arreports/en15/8.00en15.pdf,The Office of the Auditor General of Ontario (pdf 529kb),full/be894b2b3f462c42b41fee55dfa9d50cbaec4f05.pdf
monticello police retirement fund actuarial valuation,http://www.audits.ga.gov/NALGAD/Files/Report_of_State_Auditor_-_Local_Retirement_Plans_Jan_1_2015.pdf,"January 1, 2015 Report of the State Auditor - Local Retirement Plans",full/c17ef2b3d2e71f5ea74e0f33737d803512159ee5.pdf
south st paul policemens relief association actuarial valuation,http://www2.oaklandnet.com/oakca1/groups/hrm/documents/agenda/oak063639.pdf,AGENDA,full/0495d5a1f80c034217583d6f1be23e2c671f35c4.pdf
marianna police pension fund actuarial valuation,https://www.naperville.il.us/globalassets/media/finance-documents/treasurers-reports/cy2016treasurersreport.pdf,2016 Treasurer's Report (PDF),full/fa41f6b62d6bf2172bf00e59fe87f638ea9084c3.pdf
monticello police retirement fund actuarial valuation,http://www.independent.org/pdf/tir/tir_21_01_01_lomasky.pdf,Fleecing the Young,full/9b0772730e673499ed317210a09750ad148f36ae.pdf
monticello police retirement fund actuarial valuation,https://www.audits.ga.gov/NALGAD/Files/January_1x_2017_Report_of_State_Auditor_Local_Retirement_Plans.pdf,"January 1, 2017 Report of the State Auditor - Local Retirement Plans",full/a4ec00cac070c928908fa67096c917cc054f5b8e.pdf
monticello police retirement fund actuarial valuation,http://www.freedomkentucky.org/images/9/9d/FutureShockGoldRush.pdf,Future Shock,full/9d4a64cec2e5b3ed7eaea80d91f5b17623092875.pdf
marianna police pension fund actuarial valuation,https://www.rmwb.ca/Assets/Departments/Financial+Services/Financial+Statements/2015-Financial-Statements.pdf,2015 Consolidated Financial Statements | Regional Municipality of ...,full/33c5bf73b283edfebdd64b49504853e6f9f2618d.pdf
monticello police retirement fund actuarial valuation,http://insurance.illinois.gov/reports/AnnRept/2016AnnualRptToGovernor.pdf,Illinois Department of Insurance 2016 Annual Report to the Governor,full/1ae4b4fe4d064c699479709936e4811d1da1aa8e.pdf
marianna police pension fund actuarial valuation,https://www.cchgroup.com/media/wk/taa/pdfs/training-and-support/testing-center/top-federal-tax-issues-2017.pdf,Top Federal Tax Issues for 2017 CPE Course,full/47228bdfe565c582a78708acdfee03f92f00c67f.pdf
south st paul policemens relief association actuarial valuation,http://dailyiowan.lib.uiowa.edu/DI/1988/di1988-04-15.pdf,"Daily Iowan (Iowa City, Iowa), 1988-04-15",
monticello police retirement fund actuarial valuation,https://kyret.ky.gov/Employers/Resources/GASB/2016GASB68ActuaryReportCERS.pdf,gasb statement no. 68 report for the county employees retirement ...,full/ed1e285a90b7b45ca1daf7a446d7f3ed7cf5c715.pdf
washington dc judges retirement fund actuarial valuation,https://npers.ne.gov/SelfService/public/howto/publications/LegisReports/AnnualReport2017.pdf,NEBRASKA PUBLIC EMPLOYEES RETIREMENT SYSTEMS,
monticello police retirement fund actuarial valuation,http://www.lrc.ky.gov/record/Interim_jun14.pdf,2014 Interim Record,full/97edd3a6f6e47180eb5556845e6d951be7c13f58.pdf
monticello police retirement fund actuarial valuation,http://www.lrc.ky.gov/record/Interim_nov13.pdf,2013 Interim Record,full/aac586f17983f179b1dbff20a7d65acb7d8f8aef.pdf
monticello fire retirement fund actuarial valuation,http://www.audits.ga.gov/NALGAD/Files/Report_of_State_Auditor_-_Local_Retirement_Plans_Jan_1_2015.pdf,"January 1, 2015 Report of the State Auditor - Local Retirement Plans",full/c17ef2b3d2e71f5ea74e0f33737d803512159ee5.pdf
monticello fire retirement fund actuarial valuation,https://kyret.ky.gov/Employers/Resources/GASB/2016GASB68ActuaryReportCERS.pdf,gasb statement no. 68 report for the county employees retirement ...,full/ed1e285a90b7b45ca1daf7a446d7f3ed7cf5c715.pdf
monticello fire retirement fund actuarial valuation,https://www.audits.ga.gov/NALGAD/Files/January_1x_2017_Report_of_State_Auditor_Local_Retirement_Plans.pdf,"January 1, 2017 Report of the State Auditor - Local Retirement Plans",full/a4ec00cac070c928908fa67096c917cc054f5b8e.pdf
monticello fire retirement fund actuarial valuation,http://insurance.illinois.gov/reports/AnnRept/2016AnnualRptToGovernor.pdf,Illinois Department of Insurance 2016 Annual Report to the Governor,full/1ae4b4fe4d064c699479709936e4811d1da1aa8e.pdf
monticello fire retirement fund actuarial valuation,http://www.lrc.ky.gov/record/Interim_jun14.pdf,2014 Interim Record,full/97edd3a6f6e47180eb5556845e6d951be7c13f58.pdf
monticello fire retirement fund actuarial valuation,http://www.annualreports.com/Click/23463,2016 Annual Report,
clermont general retirement fund actuarial valuation,http://www.flcretirement.com/files/CAFR_2015.pdf,FLORIDA MUNICIPAL PENSION TRUST FUND Comprehensive ...,full/6edbc7e1b10e1950ae774d641d7513d4124a6617.pdf
clermont general retirement fund actuarial valuation,https://www.opers.org/pubs-archive/financial/pafr/2015%20PAFR.pdf,2015 Popular Annual Financial Report,full/cb977b1fd24745324aaa5cf9abdd673023028f58.pdf
clermont general retirement fund actuarial valuation,https://www.mercy.com/global/-/media/afile_001_audited_financial_statements--2016-audited-financial-statements--unsecured.ashx?la=en,Audited Financial Statements,full/e6b5caf32cf6185bf2adb56fca2586fd03a89f53.ashx?la=en
monticello fire retirement fund actuarial valuation,https://www.fema.gov/media-library-data/20130726-1537-20490-6166/fema499_9_1.pdf,"9.1 Repairs, Remodeling, Additions, and Retrofitting - Flood",full/8d96072fb62a6af7b917421f380e5e0c0bf40688.pdf
monticello police retirement fund actuarial valuation,http://www.lrc.ky.gov/record/Interim_sep09.pdf,2009 Interim Record,full/3df60818fa6c3e3ecb01e4aa326c345a201715cc.pdf
monticello fire retirement fund actuarial valuation,http://www.lrc.ky.gov/record/Interim_sep09.pdf,2009 Interim Record,full/3df60818fa6c3e3ecb01e4aa326c345a201715cc.pdf
clermont general retirement fund actuarial valuation,https://www.ohsers.org/Document/Get/15090,2015 - CAFR,
clermont general retirement fund actuarial valuation,https://www.ohsers.org/Document/Get/16884,Comprehensive Annual Financial Report,
clermont general retirement fund actuarial valuation,http://operi.org/wp-content/uploads/2017/05/PERI-2017-2nd-Quarter-Newsletter-003.pdf,2nd Quarter,full/63f0107af69603323f6e897483cb52d97c1d0051.pdf
clermont general retirement fund actuarial valuation,https://www.cnp.fr/en/content/download/4189/95647/version/5/file/SFCR-2016-Group-CNP-Assurances-UK.pdf,SFCR 2016 Group CNP Assurances VFinal (UK),full/e9bc469a9f27f0d40c1bfed859c8fc876b9c2ddd.pdf
clermont general retirement fund actuarial valuation,https://gl-grp.com/docs/announcements/GL%20SGXNET%20Annual%20Report%20FY2015.pdf,Annual Reports and Related Documents::,full/297f96c8622a1f8c53da933f1e70ab407d7a5966.pdf
monticello police retirement fund actuarial valuation,http://www.needhamma.gov/DocumentCenter/View/9767,TOWN OF NEEDHAM ANNUAL REPORT,full/0092b84470d4641aa14cfdd9423d9703fcbe86a0
monticello fire retirement fund actuarial valuation,http://www.needhamma.gov/DocumentCenter/View/9767,TOWN OF NEEDHAM ANNUAL REPORT,full/0092b84470d4641aa14cfdd9423d9703fcbe86a0
monticello fire retirement fund actuarial valuation,https://carsrescue.org/wp-content/uploads/2012/Downloads/consolidate.pdf,Regional Fire and Rescue Study COUNTY OF ALBEMARLE ...,full/94a4e90d29799c0e6f5cf357d37c9ef1adef5388.pdf
clermont police retirement fund actuarial valuation,http://www.flcretirement.com/files/CAFR_2015.pdf,FLORIDA MUNICIPAL PENSION TRUST FUND Comprehensive ...,full/6edbc7e1b10e1950ae774d641d7513d4124a6617.pdf
clermont police retirement fund actuarial valuation,https://www.ohsers.org/Document/Get/16884,Comprehensive Annual Financial Report,
clermont fire retirement fund actuarial valuation,https://www.tampagov.net/sites/default/files/public%3A/additionalfiles/20170524.pdf,Agenda Tampa Fire & Police Pension Board 3001 North Boulevard ...,full/d35defc8931f1788b422802b400621f981fe86ff.pdf
clermont fire retirement fund actuarial valuation,http://www.flcretirement.com/files/CAFR_2015.pdf,FLORIDA MUNICIPAL PENSION TRUST FUND Comprehensive ...,full/6edbc7e1b10e1950ae774d641d7513d4124a6617.pdf
clermont fire retirement fund actuarial valuation,https://www.ohsers.org/Document/Get/16884,Comprehensive Annual Financial Report,
clermont fire retirement fund actuarial valuation,http://www.auburndalefl.com/wp-content/uploads/2017/04/audit.pdf,City Audit,full/ce67ede7424dbba44af71c7d59cb0994c4f1af1e.pdf
clermont fire retirement fund actuarial valuation,http://www.cityofbartow.net/Modules/ShowDocument.aspx?documentid=6630,Untitled,full/76a8ac9d4573e4399f96b9806b45cd84d7f11e4c.aspx?documentid=6630
clermont fire retirement fund actuarial valuation,https://templeterrace.com/Archive.aspx?ADID=2322,2015-2016 Annual Budget,
clermont police retirement fund actuarial valuation,http://www.assetpreservationadvisors.com/fullpanel/uploads/files/magazine-2017.compressed.pdf,investing in times of uncertainty the $5 trillion problem,
clermont fire retirement fund actuarial valuation,https://www.winterspringsfl.org/assets/FormsDocsandPub/FinanceBudget/Winter_Springs_2008_%20Actuarial_Valuation.pdf,CITY OF WINTER SPRINGS DEFINED BENEFIT PLAN ACTUARIAL ...,full/4685df23037cb21d70f50cc86d108fb3520552d8.pdf
clermont fire retirement fund actuarial valuation,http://www.stpetebeach.org/images/stories/finance/FY2016/2016_CAFR.pdf,Comprehensive Annual Financial Report for 2016,full/19b00aca0c017d28aec4e22e90d4d3692b99235f.pdf
clermont fire retirement fund actuarial valuation,https://www.orlandoairports.net/site/uploads/Finance_Agenda_20170816.pdf,"FINANCE COMMITTEE AGENDA DATE: AUGUST 16, 2017 DAY ...",full/d01142c5c0c2213afa499b01699b63aca0dd050b.pdf
clermont police retirement fund actuarial valuation,https://www.insurance.ohio.gov/aboutodi/AR/Documents/2012annualreport.pdf,2012 Annual Report,full/fce9c850b77d2431b4937da4abb24a78971c17d1.pdf
clermont police retirement fund actuarial valuation,https://career.tcnj.edu/files/2016/02/Brochure-as-of-02.24.16.pdf,2016 Spring Career & Internship Fair,full/a83a411c4ba63df73a15c005d53d04b720ecfa35.pdf
clermont police retirement fund actuarial valuation,https://www.cnp.fr/en/content/download/4209/95590/version/3/file/SFCR_2016_CNP_Assurances_Solo_UK.pdf,SFCR 2016 CNP Assurances Solo VFinal (UK),full/61ac7869e23c4177d75e4203e8c34610f1c2e7d6.pdf
marianna firemens pension fund actuarial valuation,https://www.actuary.org/files/yearbook_1987.pdf,"AAA, Yearbook, 1987",full/74135157c71b55ebe28a687a4c2106a289789dee.pdf
eustis firemens relief and pension fund actuarial valuation,http://www.tmrs.com/down/GASB/GRS_Bios_Info.pdf,"Mark R. Randall, EA, FCA, MAAA",full/30c9a14203869014d3fea37406b0a42432e0400f.pdf
eustis police officers retirement fund actuarial valuation,http://www.tmrs.com/down/GASB/GRS_Bios_Info.pdf,"Mark R. Randall, EA, FCA, MAAA",full/30c9a14203869014d3fea37406b0a42432e0400f.pdf
eustis police officers retirement fund actuarial valuation,https://www.winterspringsfl.org/assets/FormsDocsandPub/FinanceBudget/Winter_Springs_2008_%20Actuarial_Valuation.pdf,CITY OF WINTER SPRINGS DEFINED BENEFIT PLAN ACTUARIAL ...,full/4685df23037cb21d70f50cc86d108fb3520552d8.pdf
eustis police officers retirement fund actuarial valuation,http://www.cityoffrostproof.com/download/disclosure_statements/12-29-16-112.664-Compliance-2016-Frostproof-Police.pdf,city of frostproof police officers' retirement system section 112.664 ...,full/2ab5898a9ccbed902ca9c3e6284d82bfa5c15071.pdf
eustis police officers retirement fund actuarial valuation,http://collinsinstitute.fsu.edu/sites/default/files/Tough%20Choices%20Report%20Card%20Update%20SEP%202014.pdf,TOUGH CHOICES,full/553fdc623d704704f4df494d4943d34a23a7ad87.pdf
eustis police officers retirement fund actuarial valuation,http://www.cityofbartow.net/Modules/ShowDocument.aspx?documentid=6630,Untitled,full/76a8ac9d4573e4399f96b9806b45cd84d7f11e4c.aspx?documentid=6630
eustis police officers retirement fund actuarial valuation,http://www.auburndalefl.com/wp-content/uploads/2017/04/audit.pdf,City Audit,full/ce67ede7424dbba44af71c7d59cb0994c4f1af1e.pdf
clermont police retirement fund actuarial valuation,http://www.flcretirement.com/db/clermont_fire/spd.pdf,Current Summary Plan Description,full/b3ad3380ceb516242fa9bcc31cbc6b7661922d66.pdf
clermont fire retirement fund actuarial valuation,http://www.flcretirement.com/db/clermont_fire/spd.pdf,Current Summary Plan Description,full/b3ad3380ceb516242fa9bcc31cbc6b7661922d66.pdf
quincy police and firemens supplemental plan actuarial valuation,http://www.wichita.gov/Finance/PensionDocuments/2015%20Pension%20CAFR.pdf,WICHITA RETIREMENT SYSTEMS,
clermont general retirement fund actuarial valuation,https://www.dacbond.com/GetContent?id=0900bbc78021a61d,"SOUTH LAKE HOSPITAL, INC. CLERMONT, FLORIDA ______ ...",full/104851924b2878cd0d11d5221a5e0f0f9b4c899d
eustis police officers retirement fund actuarial valuation,https://www.aafes.com/Images/AboutExchange/PublicAffairs/2013_annualrpt.pdf,intensify national brands inspire future leaders reduce expenses ...,full/caaada536476fa44ff92e4da2984f33635040c3f.pdf
labelle fire retirement fund actuarial valuation,http://www.kws.go.ke/download/file/fid/1468,KWS Annual Report 2013.pdf,
eustis police officers retirement fund actuarial valuation,http://www.ocalafl.org/Home/ShowDocument?id=766,2015-2016 Adopted Budget & Capital Improvement Plan Document,full/936c2112b1bb363a7a15fd4012b286cbe27454fd
eustis police officers retirement fund actuarial valuation,https://cityofwinterpark.org/docs/departments/finance/proposed-budget-2018.pdf,BUDGET,full/9bb214efcdf9e3940a640ce823df38c3668bf4c0.pdf
temple terrace fire pension fund actuarial valuation,http://www.ascensionparish.net/downloads/finance/2013adoptedbudget.pdf,2013 Ascension Parish Budget - Adopted,full/fd13f8f171ce9a8079adcbc288b0a33e20bc8221.pdf
havana fire retirement fund actuarial valuation,https://www.awfumc.org/files/mcp_files/2015journaloftheawfc.pdf,JOURNAL,full/4b4ed1adb28f247d3ec87392f28d9e85e5e36d55.pdf
marianna firemens pension fund actuarial valuation,https://www.awfumc.org/files/mcp_files/2015journaloftheawfc.pdf,JOURNAL,full/4b4ed1adb28f247d3ec87392f28d9e85e5e36d55.pdf
vero beach general retirement fund actuarial valuation,https://www.actuary.org/files/yearbook_1986.pdf,"AAA, Yearbook, 1986",full/25d1a27b89e77ae32cd9d15c303545156119a6bb.pdf
quincy police and firemens supplemental plan actuarial valuation,http://www.naic.org/prod_serv/LOC-ZU-13_combined.pdf,Listing of Companies,
quincy police and firemens supplemental plan actuarial valuation,http://www.naic.org/prod_serv/LOC-ZU-10_combined.pdf,Customers of the Listing of Companies publication From: NAIC ...,
quincy police and firemens supplemental plan actuarial valuation,http://www.naic.org/prod_serv/LOC-ZU-08_combined.pdf,Listing of Companies,
vero beach firemens retirement system actuarial valuation,http://www.naic.org/prod_serv/LOC-ZU-08_combined.pdf,Listing of Companies,
vero beach police retirement system actuarial valuation,http://www.naic.org/prod_serv/LOC-ZU-08_combined.pdf,Listing of Companies,
vero beach general retirement fund actuarial valuation,http://www.naic.org/prod_serv/LOC-ZU-08_combined.pdf,Listing of Companies,
marianna firemens pension fund actuarial valuation,http://www.lacers.org/aboutlacers/board/BoardDocs/2017/Investment/2017-05-09/IV%20-%20INVESTMENTS%20-%20Semi-Finalist%20Interviews%20GF.pdf,Report to Investment Committee,full/bb7ec3461d706a9294cba758af226a2b8cb0f514.pdf
eustis police officers retirement fund actuarial valuation,http://www.flaglercounty.org/document_center/Finance/Budget/FY%2014-15%20Adopted%20Budget.pdf,Flagler County,full/853afee0292a46dda4e029ace237dd75baebc358.pdf
marianna police pension fund actuarial valuation,http://www2.oaklandnet.com/oakca1/groups/hrm/documents/agenda/oak053254.pdf,AGENDA,full/1f6a0cb17f6907b13e5b19e4eb14a20a452b14ec.pdf
clermont general retirement fund actuarial valuation,https://www.fsb.co.za/Departments/retirementFund/Documents/Registrar%20of%20Pension%20Funds%20Annual%20Report%202012.pdf,Registrar of Pension Funds Annual Report 2012.pdf,full/2799ff3488a43dfc44d2788780ba1bf3c824afc4.pdf
marianna firemens pension fund actuarial valuation,http://www.ocers.org/pdf/public_meetings/2015/121515_audmeet/a.pdf,MEMORANDUM,full/c01faa780e93f67917eff9bf50ca6bce5376aeef.pdf
marianna police pension fund actuarial valuation,http://www.ocers.org/pdf/public_meetings/2015/121515_audmeet/a.pdf,MEMORANDUM,full/c01faa780e93f67917eff9bf50ca6bce5376aeef.pdf
vero beach police retirement system actuarial valuation,http://archives.hsl.unc.edu/nchh/nchh-122/nchh-122-111.pdf,DOCUMENT NO. NCHH-122-111,
